point_id,role,corner_label,hbt_section,temp_c,nx,selft,rb_label,rb_ohm,n_points,n_converged,vce_at_1ua_per_nx_v,vce_at_10ua_per_nx_v,vce_at_100ua_per_nx_v,vce_at_500ua_per_nx_v,locus_min_vce_v,locus_min_at_ic_per_nx_a,locus_has_foldback
a_nx1_bcs_-40c_rb14k_st1,extraction,bcs,hbt_bcs,-40,1,1,14k,1.4e4,61,56,198238.0000,392.3650,6.4471,3.6190,2.7494,3.1623e-03,no
a_nx1_bcs_27c_rb14k_st1,extraction,bcs,hbt_bcs,27,1,1,14k,1.4e4,61,53,383.5100,393.9010,5.6328,3.3307,2.6508,3.1623e-03,no
a_nx1_bcs_125c_rb14k_st1,extraction,bcs,hbt_bcs,125,1,1,14k,1.4e4,61,57,390.8540,391.2020,4.5439,2.9060,2.4840,2.3714e-03,yes
a_nx1_fs_-40c_rb14k_st1,extraction,fs,hbt_typ,-40,1,1,14k,1.4e4,61,57,184850.0000,392.9350,6.4800,3.6423,2.8324,3.1623e-03,no
a_nx1_fs_27c_rb14k_st1,extraction,fs,hbt_typ,27,1,1,14k,1.4e4,61,54,384.2050,394.5340,5.6700,3.3576,2.7436,3.1623e-03,no
a_nx1_fs_125c_rb14k_st1,extraction,fs,hbt_typ,125,1,1,14k,1.4e4,61,58,391.4350,394.5990,4.5852,2.9378,2.5656,2.3714e-03,yes
a_nx1_sf_-40c_rb14k_st1,extraction,sf,hbt_typ,-40,1,1,14k,1.4e4,61,57,184850.0000,392.9350,6.4800,3.6423,2.8324,3.1623e-03,no
a_nx1_sf_27c_rb14k_st1,extraction,sf,hbt_typ,27,1,1,14k,1.4e4,61,54,384.2050,394.5340,5.6700,3.3576,2.7436,3.1623e-03,no
a_nx1_sf_125c_rb14k_st1,extraction,sf,hbt_typ,125,1,1,14k,1.4e4,61,58,391.4350,394.5990,4.5852,2.9378,2.5656,2.3714e-03,yes
a_nx1_typ_-40c_rb14k_st1,extraction,typ,hbt_typ,-40,1,1,14k,1.4e4,61,57,184850.0000,392.9350,6.4800,3.6423,2.8324,3.1623e-03,no
a_nx1_typ_27c_rb14k_st1,extraction,typ,hbt_typ,27,1,1,14k,1.4e4,61,54,384.2050,394.5340,5.6700,3.3576,2.7436,3.1623e-03,no
a_nx1_typ_125c_rb14k_st1,extraction,typ,hbt_typ,125,1,1,14k,1.4e4,61,58,391.4350,394.5990,4.5852,2.9378,2.5656,2.3714e-03,yes
a_nx1_wcs_-40c_rb14k_st1,extraction,wcs,hbt_wcs,-40,1,1,14k,1.4e4,61,57,25388.0747,393.6240,6.5236,3.6700,2.9264,3.1623e-03,no
a_nx1_wcs_27c_rb14k_st1,extraction,wcs,hbt_wcs,27,1,1,14k,1.4e4,61,54,385.0170,395.3340,5.7194,3.3905,2.8405,2.3714e-03,yes
a_nx1_wcs_125c_rb14k_st1,extraction,wcs,hbt_wcs,125,1,1,14k,1.4e4,61,58,392.1770,398.5290,4.6401,2.9777,2.6502,1.7783e-03,yes
a_nx8_bcs_-40c_rb14k_st1,extraction,bcs,hbt_bcs,-40,8,1,14k,1.4e4,61,55,386.4960,7.5077,3.2287,2.5000,2.2376,2.3714e-03,yes
a_nx8_bcs_27c_rb14k_st1,extraction,bcs,hbt_bcs,27,8,1,14k,1.4e4,61,52,384.6020,6.2337,2.9483,2.3389,2.1704,1.7783e-03,yes
a_nx8_bcs_125c_rb14k_st1,extraction,bcs,hbt_bcs,125,8,1,14k,1.4e4,61,61,389.8960,4.7246,2.5386,2.1000,2.0288,1.3335e-03,yes
a_nx8_fs_-40c_rb14k_st1,extraction,fs,hbt_typ,-40,8,1,14k,1.4e4,61,55,387.0600,7.5619,3.2421,2.5261,2.3138,1.7783e-03,yes
a_nx8_fs_27c_rb14k_st1,extraction,fs,hbt_typ,27,8,1,14k,1.4e4,61,53,385.2600,6.2868,2.9659,2.3723,2.2450,1.3335e-03,yes
a_nx8_fs_125c_rb14k_st1,extraction,fs,hbt_typ,125,8,1,14k,1.4e4,61,61,391.4620,4.7758,2.5618,2.1424,2.0950,1.0000e-03,yes
a_nx8_sf_-40c_rb14k_st1,extraction,sf,hbt_typ,-40,8,1,14k,1.4e4,61,55,387.0600,7.5619,3.2421,2.5261,2.3138,1.7783e-03,yes
a_nx8_sf_27c_rb14k_st1,extraction,sf,hbt_typ,27,8,1,14k,1.4e4,61,53,385.2600,6.2868,2.9659,2.3723,2.2450,1.3335e-03,yes
a_nx8_sf_125c_rb14k_st1,extraction,sf,hbt_typ,125,8,1,14k,1.4e4,61,61,391.4620,4.7758,2.5618,2.1424,2.0950,1.0000e-03,yes
a_nx8_typ_-40c_rb14k_st1,extraction,typ,hbt_typ,-40,8,1,14k,1.4e4,61,55,387.0600,7.5619,3.2421,2.5261,2.3138,1.7783e-03,yes
a_nx8_typ_27c_rb14k_st1,extraction,typ,hbt_typ,27,8,1,14k,1.4e4,61,53,385.2600,6.2868,2.9659,2.3723,2.2450,1.3335e-03,yes
a_nx8_typ_125c_rb14k_st1,extraction,typ,hbt_typ,125,8,1,14k,1.4e4,61,61,391.4620,4.7758,2.5618,2.1424,2.0950,1.0000e-03,yes
a_nx8_wcs_-40c_rb14k_st1,extraction,wcs,hbt_wcs,-40,8,1,14k,1.4e4,61,55,387.7170,7.6343,3.2597,2.5594,2.3952,1.3335e-03,yes
a_nx8_wcs_27c_rb14k_st1,extraction,wcs,hbt_wcs,27,8,1,14k,1.4e4,61,54,386.0350,6.3578,2.9896,2.4167,2.3285,1.0000e-03,yes
a_nx8_wcs_125c_rb14k_st1,extraction,wcs,hbt_wcs,125,8,1,14k,1.4e4,61,61,393.1320,4.8443,2.5937,2.1997,2.1733,7.4989e-04,yes
a_nx1_bcs_-40c_rb1p4k_st1,extraction,bcs,hbt_bcs,-40,1,1,1p4k,1.4e3,61,49,93855.2645,391.9650,322.3430,101.2227,3.8245,3.1623e-03,no
a_nx1_bcs_27c_rb1p4k_st1,extraction,bcs,hbt_bcs,27,1,1,1p4k,1.4e3,61,47,383.4140,393.3460,290.6702,63.7882,3.6299,3.1623e-03,no
a_nx1_bcs_125c_rb1p4k_st1,extraction,bcs,hbt_bcs,125,1,1,1p4k,1.4e3,61,51,390.4770,407.5470,229.9959,22.1949,3.3156,3.1623e-03,no
a_nx1_fs_-40c_rb1p4k_st1,extraction,fs,hbt_typ,-40,1,1,1p4k,1.4e3,61,51,91090.9563,392.5730,324.0234,101.7524,3.8973,3.1623e-03,no
a_nx1_fs_27c_rb1p4k_st1,extraction,fs,hbt_typ,27,1,1,1p4k,1.4e3,61,46,384.1130,394.0660,292.4960,64.1879,3.7071,3.1623e-03,no
a_nx1_fs_125c_rb1p4k_st1,extraction,fs,hbt_typ,125,1,1,1p4k,1.4e3,61,51,391.0820,408.3860,232.5294,22.4387,3.3976,3.1623e-03,no
a_nx1_sf_-40c_rb1p4k_st1,extraction,sf,hbt_typ,-40,1,1,1p4k,1.4e3,61,51,91090.9563,392.5730,324.0234,101.7524,3.8973,3.1623e-03,no
a_nx1_sf_27c_rb1p4k_st1,extraction,sf,hbt_typ,27,1,1,1p4k,1.4e3,61,46,384.1130,394.0660,292.4960,64.1879,3.7071,3.1623e-03,no
a_nx1_sf_125c_rb1p4k_st1,extraction,sf,hbt_typ,125,1,1,1p4k,1.4e3,61,51,391.0820,408.3860,232.5294,22.4387,3.3976,3.1623e-03,no
a_nx1_typ_-40c_rb1p4k_st1,extraction,typ,hbt_typ,-40,1,1,1p4k,1.4e3,61,51,91090.9563,392.5730,324.0234,101.7524,3.8973,3.1623e-03,no
a_nx1_typ_27c_rb1p4k_st1,extraction,typ,hbt_typ,27,1,1,1p4k,1.4e3,61,46,384.1130,394.0660,292.4960,64.1879,3.7071,3.1623e-03,no
a_nx1_typ_125c_rb1p4k_st1,extraction,typ,hbt_typ,125,1,1,1p4k,1.4e3,61,51,391.0820,408.3860,232.5294,22.4387,3.3976,3.1623e-03,no
a_nx1_wcs_-40c_rb1p4k_st1,extraction,wcs,hbt_wcs,-40,1,1,1p4k,1.4e3,61,51,88289.2979,393.2970,326.7370,102.6001,3.9758,3.1623e-03,no
a_nx1_wcs_27c_rb1p4k_st1,extraction,wcs,hbt_wcs,27,1,1,1p4k,1.4e3,61,47,384.9280,394.9370,295.2091,64.7820,3.7919,3.1623e-03,no
a_nx1_wcs_125c_rb1p4k_st1,extraction,wcs,hbt_wcs,125,1,1,1p4k,1.4e3,61,51,391.8470,409.5160,235.7908,22.7716,3.4893,3.1623e-03,no
a_nx8_bcs_-40c_rb1p4k_st1,extraction,bcs,hbt_bcs,-40,8,1,1p4k,1.4e3,61,53,168846.0679,392.2890,7.8228,3.7833,2.7536,3.1623e-03,no
a_nx8_bcs_27c_rb1p4k_st1,extraction,bcs,hbt_bcs,27,8,1,1p4k,1.4e3,61,49,383.6760,394.4730,6.6168,3.4787,2.6608,3.1623e-03,no
a_nx8_bcs_125c_rb1p4k_st1,extraction,bcs,hbt_bcs,125,8,1,1p4k,1.4e3,61,56,391.0710,395.1950,5.1516,3.0289,2.5034,3.1623e-03,no
a_nx8_fs_-40c_rb1p4k_st1,extraction,fs,hbt_typ,-40,8,1,1p4k,1.4e3,61,53,273571.9914,392.8740,7.8774,3.8070,2.8339,3.1623e-03,no
a_nx8_fs_27c_rb1p4k_st1,extraction,fs,hbt_typ,27,8,1,1p4k,1.4e3,61,50,384.3740,395.1220,6.6725,3.5059,2.7505,3.1623e-03,no
a_nx8_fs_125c_rb1p4k_st1,extraction,fs,hbt_typ,125,8,1,1p4k,1.4e3,61,57,391.6670,398.4180,5.2067,3.0609,2.5937,2.3714e-03,yes
a_nx8_sf_-40c_rb1p4k_st1,extraction,sf,hbt_typ,-40,8,1,1p4k,1.4e3,61,53,273571.9914,392.8740,7.8774,3.8070,2.8339,3.1623e-03,no
a_nx8_sf_27c_rb1p4k_st1,extraction,sf,hbt_typ,27,8,1,1p4k,1.4e3,61,50,384.3740,395.1220,6.6725,3.5059,2.7505,3.1623e-03,no
a_nx8_sf_125c_rb1p4k_st1,extraction,sf,hbt_typ,125,8,1,1p4k,1.4e3,61,57,391.6670,398.4180,5.2067,3.0609,2.5937,2.3714e-03,yes
a_nx8_typ_-40c_rb1p4k_st1,extraction,typ,hbt_typ,-40,8,1,1p4k,1.4e3,61,53,273571.9914,392.8740,7.8774,3.8070,2.8339,3.1623e-03,no
a_nx8_typ_27c_rb1p4k_st1,extraction,typ,hbt_typ,27,8,1,1p4k,1.4e3,61,50,384.3740,395.1220,6.6725,3.5059,2.7505,3.1623e-03,no
a_nx8_typ_125c_rb1p4k_st1,extraction,typ,hbt_typ,125,8,1,1p4k,1.4e3,61,57,391.6670,398.4180,5.2067,3.0609,2.5937,2.3714e-03,yes
a_nx8_wcs_-40c_rb1p4k_st1,extraction,wcs,hbt_wcs,-40,8,1,1p4k,1.4e3,61,53,387.3140,393.5840,7.9518,3.8351,2.9247,3.1623e-03,no
a_nx8_wcs_27c_rb1p4k_st1,extraction,wcs,hbt_wcs,27,8,1,1p4k,1.4e3,61,50,385.1880,395.9470,6.7479,3.5391,2.8548,3.1623e-03,no
a_nx8_wcs_125c_rb1p4k_st1,extraction,wcs,hbt_wcs,125,8,1,1p4k,1.4e3,61,57,392.4260,402.2080,5.2809,3.1010,2.6879,2.3714e-03,yes
a_nx1_bcs_-40c_rbopen_st0,extraction,bcs,hbt_bcs,-40,1,0,open,1e12,61,61,1.4730,1.4986,1.5417,1.6301,1.4569,5.6234e-08,yes
a_nx1_bcs_-40c_rbopen_st1,extraction,bcs,hbt_bcs,-40,1,1,open,1e12,61,61,1.4730,1.4986,1.5416,1.6310,1.4569,5.6234e-08,yes
a_nx1_bcs_27c_rbopen_st0,extraction,bcs,hbt_bcs,27,1,0,open,1e12,61,61,1.4490,1.4923,1.5534,1.6559,1.2012,1.0000e-10,no
a_nx1_bcs_27c_rbopen_st1,extraction,bcs,hbt_bcs,27,1,1,open,1e12,61,61,1.4490,1.4922,1.5529,1.6552,1.2012,1.0000e-10,no
a_nx1_bcs_125c_rbopen_st0,extraction,bcs,hbt_bcs,125,1,0,open,1e12,61,61,1.3310,1.4023,1.4910,1.6137,0.1409,1.0000e-10,no
a_nx1_bcs_125c_rbopen_st1,extraction,bcs,hbt_bcs,125,1,1,open,1e12,61,61,1.3310,1.4021,1.4906,1.6129,0.1410,1.0000e-10,no
a_nx1_fs_-40c_rbopen_st0,extraction,fs,hbt_typ,-40,1,0,open,1e12,61,61,1.5807,1.6055,1.6490,1.7461,1.5052,1.0000e-10,no
a_nx1_fs_-40c_rbopen_st1,extraction,fs,hbt_typ,-40,1,1,open,1e12,61,61,1.5807,1.6055,1.6490,1.7475,1.5052,1.0000e-10,no
a_nx1_fs_27c_rbopen_st0,extraction,fs,hbt_typ,27,1,0,open,1e12,61,61,1.5602,1.6030,1.6649,1.7766,1.2657,1.0000e-10,no
a_nx1_fs_27c_rbopen_st1,extraction,fs,hbt_typ,27,1,1,open,1e12,61,61,1.5602,1.6030,1.6645,1.7761,1.2657,1.0000e-10,no
a_nx1_fs_125c_rbopen_st0,extraction,fs,hbt_typ,125,1,0,open,1e12,61,61,1.4370,1.5085,1.5989,1.7315,0.1507,1.0000e-10,no
a_nx1_fs_125c_rbopen_st1,extraction,fs,hbt_typ,125,1,1,open,1e12,61,61,1.4369,1.5083,1.5984,1.7304,0.1508,1.0000e-10,no
a_nx1_sf_-40c_rbopen_st0,extraction,sf,hbt_typ,-40,1,0,open,1e12,61,61,1.5807,1.6055,1.6490,1.7461,1.5052,1.0000e-10,no
a_nx1_sf_-40c_rbopen_st1,extraction,sf,hbt_typ,-40,1,1,open,1e12,61,61,1.5807,1.6055,1.6490,1.7475,1.5052,1.0000e-10,no
a_nx1_sf_27c_rbopen_st0,extraction,sf,hbt_typ,27,1,0,open,1e12,61,61,1.5602,1.6030,1.6649,1.7766,1.2657,1.0000e-10,no
a_nx1_sf_27c_rbopen_st1,extraction,sf,hbt_typ,27,1,1,open,1e12,61,61,1.5602,1.6030,1.6645,1.7761,1.2657,1.0000e-10,no
a_nx1_sf_125c_rbopen_st0,extraction,sf,hbt_typ,125,1,0,open,1e12,61,61,1.4370,1.5085,1.5989,1.7315,0.1507,1.0000e-10,no
a_nx1_sf_125c_rbopen_st1,extraction,sf,hbt_typ,125,1,1,open,1e12,61,61,1.4369,1.5083,1.5984,1.7304,0.1508,1.0000e-10,no
a_nx1_typ_-40c_rbopen_st0,extraction,typ,hbt_typ,-40,1,0,open,1e12,61,61,1.5807,1.6055,1.6490,1.7461,1.5052,1.0000e-10,no
a_nx1_typ_-40c_rbopen_st1,extraction,typ,hbt_typ,-40,1,1,open,1e12,61,61,1.5807,1.6055,1.6490,1.7475,1.5052,1.0000e-10,no
a_nx1_typ_27c_rbopen_st0,extraction,typ,hbt_typ,27,1,0,open,1e12,61,61,1.5602,1.6030,1.6649,1.7766,1.2657,1.0000e-10,no
a_nx1_typ_27c_rbopen_st1,extraction,typ,hbt_typ,27,1,1,open,1e12,61,61,1.5602,1.6030,1.6645,1.7761,1.2657,1.0000e-10,no
a_nx1_typ_125c_rbopen_st0,extraction,typ,hbt_typ,125,1,0,open,1e12,61,61,1.4370,1.5085,1.5989,1.7315,0.1507,1.0000e-10,no
a_nx1_typ_125c_rbopen_st1,extraction,typ,hbt_typ,125,1,1,open,1e12,61,61,1.4369,1.5083,1.5984,1.7304,0.1508,1.0000e-10,no
a_nx1_wcs_-40c_rbopen_st0,extraction,wcs,hbt_wcs,-40,1,0,open,1e12,61,61,1.6954,1.7185,1.7620,1.8679,1.5633,1.0000e-10,no
a_nx1_wcs_-40c_rbopen_st1,extraction,wcs,hbt_wcs,-40,1,1,open,1e12,61,61,1.6954,1.7185,1.7622,1.8702,1.5633,1.0000e-10,no
a_nx1_wcs_27c_rbopen_st0,extraction,wcs,hbt_wcs,27,1,0,open,1e12,61,61,1.6802,1.7216,1.7840,1.9050,1.3591,1.0000e-10,no
a_nx1_wcs_27c_rbopen_st1,extraction,wcs,hbt_wcs,27,1,1,open,1e12,61,61,1.6802,1.7216,1.7836,1.9048,1.3591,1.0000e-10,no
a_nx1_wcs_125c_rbopen_st0,extraction,wcs,hbt_wcs,125,1,0,open,1e12,61,61,1.5531,1.6241,1.7160,1.8584,0.1645,1.0000e-10,no
a_nx1_wcs_125c_rbopen_st1,extraction,wcs,hbt_wcs,125,1,1,open,1e12,61,61,1.5530,1.6240,1.7154,1.8573,0.1644,1.0000e-10,no
a_nx8_bcs_-40c_rbopen_st0,extraction,bcs,hbt_bcs,-40,8,0,open,1e12,61,61,1.4728,1.4986,1.5417,1.6301,1.4540,4.2170e-08,yes
a_nx8_bcs_-40c_rbopen_st1,extraction,bcs,hbt_bcs,-40,8,1,open,1e12,61,61,1.4727,1.4985,1.5416,1.6310,1.4540,4.2170e-08,yes
a_nx8_bcs_27c_rbopen_st0,extraction,bcs,hbt_bcs,27,8,0,open,1e12,61,61,1.4490,1.4923,1.5534,1.6559,1.4020,1.3335e-08,yes
a_nx8_bcs_27c_rbopen_st1,extraction,bcs,hbt_bcs,27,8,1,open,1e12,61,61,1.4489,1.4922,1.5528,1.6550,1.4020,1.3335e-08,yes
a_nx8_bcs_125c_rbopen_st0,extraction,bcs,hbt_bcs,125,8,0,open,1e12,61,61,1.3310,1.4022,1.4910,1.6137,0.1809,1.0000e-10,no
a_nx8_bcs_125c_rbopen_st1,extraction,bcs,hbt_bcs,125,8,1,open,1e12,61,61,1.3310,1.4021,1.4905,1.6126,0.1809,1.0000e-10,no
a_nx8_fs_-40c_rbopen_st0,extraction,fs,hbt_typ,-40,8,0,open,1e12,61,61,1.5806,1.6055,1.6490,1.7461,1.5585,2.3714e-08,yes
a_nx8_fs_-40c_rbopen_st1,extraction,fs,hbt_typ,-40,8,1,open,1e12,61,61,1.5806,1.6054,1.6490,1.7476,1.5585,2.3714e-08,yes
a_nx8_fs_27c_rbopen_st0,extraction,fs,hbt_typ,27,8,0,open,1e12,61,61,1.5602,1.6030,1.6649,1.7766,1.5047,5.6234e-09,yes
a_nx8_fs_27c_rbopen_st1,extraction,fs,hbt_typ,27,8,1,open,1e12,61,61,1.5602,1.6029,1.6644,1.7758,1.5047,5.6234e-09,yes
a_nx8_fs_125c_rbopen_st0,extraction,fs,hbt_typ,125,8,0,open,1e12,61,61,1.4370,1.5084,1.5989,1.7314,0.1943,1.0000e-10,no
a_nx8_fs_125c_rbopen_st1,extraction,fs,hbt_typ,125,8,1,open,1e12,61,61,1.4370,1.5083,1.5983,1.7300,0.1943,1.0000e-10,no
a_nx8_sf_-40c_rbopen_st0,extraction,sf,hbt_typ,-40,8,0,open,1e12,61,61,1.5806,1.6055,1.6490,1.7461,1.5585,2.3714e-08,yes
a_nx8_sf_-40c_rbopen_st1,extraction,sf,hbt_typ,-40,8,1,open,1e12,61,61,1.5806,1.6054,1.6490,1.7476,1.5585,2.3714e-08,yes
a_nx8_sf_27c_rbopen_st0,extraction,sf,hbt_typ,27,8,0,open,1e12,61,61,1.5602,1.6030,1.6649,1.7766,1.5047,5.6234e-09,yes
a_nx8_sf_27c_rbopen_st1,extraction,sf,hbt_typ,27,8,1,open,1e12,61,61,1.5602,1.6029,1.6644,1.7758,1.5047,5.6234e-09,yes
a_nx8_sf_125c_rbopen_st0,extraction,sf,hbt_typ,125,8,0,open,1e12,61,61,1.4370,1.5084,1.5989,1.7314,0.1943,1.0000e-10,no
a_nx8_sf_125c_rbopen_st1,extraction,sf,hbt_typ,125,8,1,open,1e12,61,61,1.4370,1.5083,1.5983,1.7300,0.1943,1.0000e-10,no
a_nx8_typ_-40c_rbopen_st0,extraction,typ,hbt_typ,-40,8,0,open,1e12,61,61,1.5806,1.6055,1.6490,1.7461,1.5585,2.3714e-08,yes
a_nx8_typ_-40c_rbopen_st1,extraction,typ,hbt_typ,-40,8,1,open,1e12,61,61,1.5806,1.6054,1.6490,1.7476,1.5585,2.3714e-08,yes
a_nx8_typ_27c_rbopen_st0,extraction,typ,hbt_typ,27,8,0,open,1e12,61,61,1.5602,1.6030,1.6649,1.7766,1.5047,5.6234e-09,yes
a_nx8_typ_27c_rbopen_st1,extraction,typ,hbt_typ,27,8,1,open,1e12,61,61,1.5602,1.6029,1.6644,1.7758,1.5047,5.6234e-09,yes
a_nx8_typ_125c_rbopen_st0,extraction,typ,hbt_typ,125,8,0,open,1e12,61,61,1.4370,1.5084,1.5989,1.7314,0.1943,1.0000e-10,no
a_nx8_typ_125c_rbopen_st1,extraction,typ,hbt_typ,125,8,1,open,1e12,61,61,1.4370,1.5083,1.5983,1.7300,0.1943,1.0000e-10,no
a_nx8_wcs_-40c_rbopen_st0,extraction,wcs,hbt_wcs,-40,8,0,open,1e12,61,61,1.6953,1.7185,1.7620,1.8679,1.6728,1.3335e-08,yes
a_nx8_wcs_-40c_rbopen_st1,extraction,wcs,hbt_wcs,-40,8,1,open,1e12,61,61,1.6953,1.7184,1.7622,1.8704,1.6728,1.3335e-08,yes
a_nx8_wcs_27c_rbopen_st0,extraction,wcs,hbt_wcs,27,8,0,open,1e12,61,61,1.6802,1.7216,1.7840,1.9050,1.6202,4.2170e-09,yes
a_nx8_wcs_27c_rbopen_st1,extraction,wcs,hbt_wcs,27,8,1,open,1e12,61,61,1.6802,1.7215,1.7835,1.9045,1.6202,4.2170e-09,yes
a_nx8_wcs_125c_rbopen_st0,extraction,wcs,hbt_wcs,125,8,0,open,1e12,61,61,1.5531,1.6241,1.7160,1.8584,0.2144,1.0000e-10,no
a_nx8_wcs_125c_rbopen_st1,extraction,wcs,hbt_wcs,125,8,1,open,1e12,61,61,1.5531,1.6239,1.7152,1.8570,0.2144,1.0000e-10,no
a_nx1_typ_27c_rb140_st1,probe,typ,hbt_typ,27,1,1,140,1.4e2,61,42,384.1040,394.0120,,,33.3266,1.0000e-10,no
a_nx8_typ_27c_rb140_st1,probe,typ,hbt_typ,27,8,1,140,1.4e2,61,42,384.3000,394.7990,280.8700,88.7275,3.7223,3.1623e-03,no
a_nx1_typ_27c_rbshort_st1,probe,typ,hbt_typ,27,1,1,short,1e-3,61,43,384.1030,394.0060,,,33.3266,1.0000e-10,no
a_nx8_typ_27c_rbshort_st1,probe,typ,hbt_typ,27,8,1,short,1e-3,61,36,384.2920,394.7540,,,266.1730,1.0000e-10,no
