point_id,corner_label,temp_c,vdd_v,freq_hz,s11_db,s21_db,s12_db,s22_db,s11_mag,s21_mag,s12_mag,s22_mag,k,mu,mag_delta,nf_sp_db,nfmin_sp_db
sp_bcs_-40c_vdd1.62v,bcs,-40,1.62,2.400000e+09,-0.2444,-15.4889,-99.0738,-0.0036,0.972250,0.168096,1.112530e-05,0.999588,11.447138,1.000357,0.971848,8.2228,2.1224
sp_bcs_-40c_vdd1.62v,bcs,-40,1.62,2.408350e+09,-0.2449,-15.4816,-99.0098,-0.0036,0.972196,0.168236,1.120758e-05,0.999584,11.476011,1.000360,0.971790,8.2243,2.1236
sp_bcs_-40c_vdd1.62v,bcs,-40,1.62,2.416700e+09,-0.2454,-15.4745,-98.9460,-0.0036,0.972141,0.168374,1.129013e-05,0.999580,11.504922,1.000364,0.971731,8.2258,2.1249
sp_bcs_-40c_vdd1.62v,bcs,-40,1.62,2.425050e+09,-0.2459,-15.4674,-98.8825,-0.0037,0.972085,0.168511,1.137296e-05,0.999577,11.533870,1.000367,0.971673,8.2273,2.1261
sp_bcs_-40c_vdd1.62v,bcs,-40,1.62,2.433400e+09,-0.2464,-15.4604,-98.8193,-0.0037,0.972030,0.168647,1.145605e-05,0.999573,11.562856,1.000370,0.971614,8.2287,2.1274
sp_bcs_-40c_vdd1.62v,bcs,-40,1.62,2.441750e+09,-0.2469,-15.4535,-98.7563,-0.0037,0.971975,0.168781,1.153943e-05,0.999570,11.591879,1.000374,0.971555,8.2302,2.1287
sp_bcs_-40c_vdd1.62v,bcs,-40,1.62,2.450100e+09,-0.2474,-15.4467,-98.6936,-0.0038,0.971919,0.168914,1.162307e-05,0.999566,11.620941,1.000377,0.971496,8.2317,2.1299
sp_bcs_-40c_vdd1.62v,bcs,-40,1.62,2.458450e+09,-0.2479,-15.4399,-98.6311,-0.0038,0.971864,0.169045,1.170698e-05,0.999562,11.650040,1.000380,0.971437,8.2332,2.1312
sp_bcs_-40c_vdd1.62v,bcs,-40,1.62,2.466800e+09,-0.2484,-15.4332,-98.5689,-0.0038,0.971808,0.169176,1.179117e-05,0.999559,11.679176,1.000383,0.971378,8.2347,2.1325
sp_bcs_-40c_vdd1.62v,bcs,-40,1.62,2.475150e+09,-0.2489,-15.4266,-98.5069,-0.0039,0.971752,0.169304,1.187562e-05,0.999555,11.708351,1.000387,0.971318,8.2362,2.1338
sp_bcs_-40c_vdd1.62v,bcs,-40,1.62,2.483500e+09,-0.2494,-15.4201,-98.4451,-0.0039,0.971696,0.169432,1.196035e-05,0.999551,11.737563,1.000390,0.971259,8.2377,2.1351
sp_bcs_-40c_vdd1.80v,bcs,-40,1.80,2.400000e+09,-0.4722,12.0568,-98.6948,-0.0034,0.947088,4.007186,1.162147e-05,0.999609,0.490853,0.999770,0.946700,1.6548,0.5995
sp_bcs_-40c_vdd1.80v,bcs,-40,1.80,2.408350e+09,-0.4731,12.0492,-98.6320,-0.0034,0.946991,4.003698,1.170584e-05,0.999606,0.495257,0.999771,0.946599,1.6547,0.5995
sp_bcs_-40c_vdd1.80v,bcs,-40,1.80,2.416700e+09,-0.4740,12.0416,-98.5693,-0.0035,0.946893,4.000181,1.179051e-05,0.999603,0.499657,0.999772,0.946498,1.6546,0.5995
sp_bcs_-40c_vdd1.80v,bcs,-40,1.80,2.425050e+09,-0.4749,12.0339,-98.5070,-0.0035,0.946796,3.996637,1.187550e-05,0.999599,0.504052,0.999773,0.946398,1.6545,0.5995
sp_bcs_-40c_vdd1.80v,bcs,-40,1.80,2.433400e+09,-0.4758,12.0261,-98.4448,-0.0035,0.946700,3.993066,1.196078e-05,0.999596,0.508443,0.999774,0.946298,1.6545,0.5995
sp_bcs_-40c_vdd1.80v,bcs,-40,1.80,2.441750e+09,-0.4766,12.0183,-98.3829,-0.0035,0.946604,3.989468,1.204637e-05,0.999592,0.512828,0.999775,0.946199,1.6544,0.5995
sp_bcs_-40c_vdd1.80v,bcs,-40,1.80,2.450100e+09,-0.4775,12.0104,-98.3212,-0.0036,0.946508,3.985844,1.213227e-05,0.999589,0.517209,0.999776,0.946100,1.6543,0.5995
sp_bcs_-40c_vdd1.80v,bcs,-40,1.80,2.458450e+09,-0.4784,12.0024,-98.2597,-0.0036,0.946413,3.982194,1.221847e-05,0.999585,0.521586,0.999777,0.946001,1.6542,0.5995
sp_bcs_-40c_vdd1.80v,bcs,-40,1.80,2.466800e+09,-0.4793,11.9944,-98.1984,-0.0036,0.946318,3.978519,1.230497e-05,0.999582,0.525957,0.999778,0.945903,1.6541,0.5995
sp_bcs_-40c_vdd1.80v,bcs,-40,1.80,2.475150e+09,-0.4801,11.9863,-98.1373,-0.0037,0.946223,3.974819,1.239178e-05,0.999578,0.530324,0.999779,0.945805,1.6541,0.5995
sp_bcs_-40c_vdd1.80v,bcs,-40,1.80,2.483500e+09,-0.4810,11.9782,-98.0765,-0.0037,0.946129,3.971094,1.247889e-05,0.999575,0.534685,0.999780,0.945708,1.6540,0.5995
sp_bcs_-40c_vdd1.98v,bcs,-40,1.98,2.400000e+09,-0.4485,14.2214,-97.5842,-0.0034,0.949680,5.141287,1.320651e-05,0.999611,0.490467,0.999647,0.949305,1.2762,0.6433
sp_bcs_-40c_vdd1.98v,bcs,-40,1.98,2.408350e+09,-0.4486,14.2037,-97.5310,-0.0034,0.949665,5.130819,1.328767e-05,0.999608,0.493962,0.999648,0.949288,1.2762,0.6433
sp_bcs_-40c_vdd1.98v,bcs,-40,1.98,2.416700e+09,-0.4487,14.1860,-97.4780,-0.0034,0.949651,5.120372,1.336909e-05,0.999604,0.497446,0.999649,0.949271,1.2762,0.6433
sp_bcs_-40c_vdd1.98v,bcs,-40,1.98,2.425050e+09,-0.4488,14.1683,-97.4251,-0.0035,0.949637,5.109945,1.345077e-05,0.999601,0.500920,0.999651,0.949254,1.2761,0.6433
sp_bcs_-40c_vdd1.98v,bcs,-40,1.98,2.433400e+09,-0.4490,14.1506,-97.3723,-0.0035,0.949624,5.099539,1.353272e-05,0.999598,0.504385,0.999652,0.949236,1.2761,0.6433
sp_bcs_-40c_vdd1.98v,bcs,-40,1.98,2.441750e+09,-0.4491,14.1329,-97.3197,-0.0035,0.949610,5.089154,1.361493e-05,0.999594,0.507840,0.999653,0.949220,1.2761,0.6433
sp_bcs_-40c_vdd1.98v,bcs,-40,1.98,2.450100e+09,-0.4492,14.1152,-97.2672,-0.0036,0.949596,5.078791,1.369741e-05,0.999591,0.511285,0.999654,0.949203,1.2760,0.6434
sp_bcs_-40c_vdd1.98v,bcs,-40,1.98,2.458450e+09,-0.4493,14.0975,-97.2149,-0.0036,0.949583,5.068449,1.378016e-05,0.999587,0.514721,0.999655,0.949186,1.2760,0.6434
sp_bcs_-40c_vdd1.98v,bcs,-40,1.98,2.466800e+09,-0.4495,14.0798,-97.1628,-0.0036,0.949569,5.058129,1.386317e-05,0.999584,0.518147,0.999656,0.949169,1.2760,0.6434
sp_bcs_-40c_vdd1.98v,bcs,-40,1.98,2.475150e+09,-0.4496,14.0621,-97.1107,-0.0036,0.949556,5.047831,1.394644e-05,0.999580,0.521564,0.999657,0.949153,1.2760,0.6434
sp_bcs_-40c_vdd1.98v,bcs,-40,1.98,2.483500e+09,-0.4497,14.0444,-97.0589,-0.0037,0.949543,5.037555,1.402998e-05,0.999577,0.524971,0.999659,0.949136,1.2759,0.6434
sp_bcs_125c_vdd1.62v,bcs,125,1.62,2.400000e+09,-0.5665,12.7091,-95.1273,-0.0038,0.936861,4.319739,1.752413e-05,0.999560,0.397087,0.999627,0.936423,1.6037,0.6757
sp_bcs_125c_vdd1.62v,bcs,125,1.62,2.408350e+09,-0.5672,12.6987,-95.0657,-0.0039,0.936784,4.314559,1.764882e-05,0.999556,0.400929,0.999627,0.936342,1.6036,0.6757
sp_bcs_125c_vdd1.62v,bcs,125,1.62,2.416700e+09,-0.5679,12.6883,-95.0043,-0.0039,0.936707,4.309360,1.777396e-05,0.999552,0.404762,0.999628,0.936262,1.6035,0.6757
sp_bcs_125c_vdd1.62v,bcs,125,1.62,2.425050e+09,-0.5686,12.6777,-94.9432,-0.0039,0.936631,4.304140,1.789954e-05,0.999548,0.408589,0.999629,0.936182,1.6034,0.6757
sp_bcs_125c_vdd1.62v,bcs,125,1.62,2.433400e+09,-0.5693,12.6671,-94.8822,-0.0040,0.936555,4.298900,1.802557e-05,0.999544,0.412408,0.999629,0.936103,1.6034,0.6757
sp_bcs_125c_vdd1.62v,bcs,125,1.62,2.441750e+09,-0.5700,12.6565,-94.8215,-0.0040,0.936480,4.293642,1.815205e-05,0.999540,0.416220,0.999630,0.936024,1.6033,0.6757
sp_bcs_125c_vdd1.62v,bcs,125,1.62,2.450100e+09,-0.5707,12.6458,-94.7610,-0.0040,0.936405,4.288365,1.827898e-05,0.999536,0.420025,0.999631,0.935945,1.6032,0.6758
sp_bcs_125c_vdd1.62v,bcs,125,1.62,2.458450e+09,-0.5714,12.6351,-94.7006,-0.0041,0.936331,4.283071,1.840635e-05,0.999532,0.423822,0.999632,0.935867,1.6032,0.6758
sp_bcs_125c_vdd1.62v,bcs,125,1.62,2.466800e+09,-0.5721,12.6243,-94.6405,-0.0041,0.936257,4.277759,1.853417e-05,0.999528,0.427612,0.999632,0.935789,1.6031,0.6758
sp_bcs_125c_vdd1.62v,bcs,125,1.62,2.475150e+09,-0.5728,12.6135,-94.5806,-0.0041,0.936183,4.272430,1.866244e-05,0.999524,0.431395,0.999633,0.935711,1.6030,0.6758
sp_bcs_125c_vdd1.62v,bcs,125,1.62,2.483500e+09,-0.5735,12.6026,-94.5209,-0.0042,0.936110,4.267084,1.879115e-05,0.999520,0.435170,0.999634,0.935634,1.6030,0.6758
sp_bcs_125c_vdd1.80v,bcs,125,1.80,2.400000e+09,-0.5706,13.7511,-94.7816,-0.0037,0.936420,4.870281,1.823553e-05,0.999569,0.428086,0.999587,0.936000,1.4375,0.7573
sp_bcs_125c_vdd1.80v,bcs,125,1.80,2.408350e+09,-0.5708,13.7356,-94.7237,-0.0038,0.936398,4.861616,1.835760e-05,0.999565,0.431476,0.999588,0.935975,1.4374,0.7573
sp_bcs_125c_vdd1.80v,bcs,125,1.80,2.416700e+09,-0.5710,13.7201,-94.6659,-0.0038,0.936376,4.852956,1.848009e-05,0.999562,0.434856,0.999589,0.935950,1.4374,0.7573
sp_bcs_125c_vdd1.80v,bcs,125,1.80,2.425050e+09,-0.5712,13.7046,-94.6083,-0.0038,0.936355,4.844299,1.860301e-05,0.999558,0.438227,0.999589,0.935925,1.4374,0.7573
sp_bcs_125c_vdd1.80v,bcs,125,1.80,2.433400e+09,-0.5714,13.6891,-94.5509,-0.0039,0.936334,4.835648,1.872635e-05,0.999554,0.441587,0.999590,0.935900,1.4374,0.7573
sp_bcs_125c_vdd1.80v,bcs,125,1.80,2.441750e+09,-0.5716,13.6736,-94.4937,-0.0039,0.936313,4.827003,1.885012e-05,0.999550,0.444938,0.999590,0.935875,1.4373,0.7573
sp_bcs_125c_vdd1.80v,bcs,125,1.80,2.450100e+09,-0.5718,13.6580,-94.4367,-0.0039,0.936292,4.818363,1.897431e-05,0.999546,0.448280,0.999591,0.935851,1.4373,0.7574
sp_bcs_125c_vdd1.80v,bcs,125,1.80,2.458450e+09,-0.5720,13.6424,-94.3798,-0.0040,0.936271,4.809729,1.909892e-05,0.999542,0.451611,0.999592,0.935826,1.4373,0.7574
sp_bcs_125c_vdd1.80v,bcs,125,1.80,2.466800e+09,-0.5722,13.6268,-94.3231,-0.0040,0.936250,4.801101,1.922396e-05,0.999538,0.454933,0.999592,0.935802,1.4372,0.7574
sp_bcs_125c_vdd1.80v,bcs,125,1.80,2.475150e+09,-0.5723,13.6112,-94.2666,-0.0040,0.936230,4.792481,1.934942e-05,0.999534,0.458246,0.999593,0.935778,1.4372,0.7574
sp_bcs_125c_vdd1.80v,bcs,125,1.80,2.483500e+09,-0.5725,13.5956,-94.2103,-0.0041,0.936210,4.783867,1.947531e-05,0.999531,0.461549,0.999594,0.935754,1.4372,0.7574
sp_bcs_125c_vdd1.98v,bcs,125,1.98,2.400000e+09,-0.5675,14.0237,-94.4231,-0.0036,0.936757,5.025543,1.900393e-05,0.999581,0.412347,0.999542,0.936351,1.3972,0.8678
sp_bcs_125c_vdd1.98v,bcs,125,1.98,2.408350e+09,-0.5675,14.0067,-94.3682,-0.0037,0.936756,5.015712,1.912455e-05,0.999577,0.415580,0.999542,0.936347,1.3972,0.8678
sp_bcs_125c_vdd1.98v,bcs,125,1.98,2.416700e+09,-0.5675,13.9896,-94.3134,-0.0037,0.936755,5.005895,1.924557e-05,0.999574,0.418802,0.999543,0.936343,1.3972,0.8678
sp_bcs_125c_vdd1.98v,bcs,125,1.98,2.425050e+09,-0.5675,13.9726,-94.2588,-0.0037,0.936754,4.996093,1.936699e-05,0.999570,0.422014,0.999543,0.936338,1.3973,0.8678
sp_bcs_125c_vdd1.98v,bcs,125,1.98,2.433400e+09,-0.5675,13.9556,-94.2043,-0.0038,0.936753,4.986307,1.948883e-05,0.999566,0.425217,0.999544,0.936334,1.3973,0.8679
sp_bcs_125c_vdd1.98v,bcs,125,1.98,2.441750e+09,-0.5675,13.9385,-94.1500,-0.0038,0.936752,4.976537,1.961106e-05,0.999562,0.428409,0.999545,0.936330,1.3973,0.8679
sp_bcs_125c_vdd1.98v,bcs,125,1.98,2.450100e+09,-0.5675,13.9215,-94.0958,-0.0038,0.936751,4.966783,1.973370e-05,0.999559,0.431592,0.999545,0.936325,1.3973,0.8679
sp_bcs_125c_vdd1.98v,bcs,125,1.98,2.458450e+09,-0.5675,13.9045,-94.0418,-0.0039,0.936750,4.957045,1.985675e-05,0.999555,0.434765,0.999546,0.936321,1.3973,0.8679
sp_bcs_125c_vdd1.98v,bcs,125,1.98,2.466800e+09,-0.5675,13.8874,-93.9880,-0.0039,0.936750,4.947324,1.998020e-05,0.999551,0.437928,0.999546,0.936316,1.3973,0.8680
sp_bcs_125c_vdd1.98v,bcs,125,1.98,2.475150e+09,-0.5675,13.8704,-93.9343,-0.0039,0.936749,4.937620,2.010406e-05,0.999547,0.441082,0.999547,0.936312,1.3973,0.8680
sp_bcs_125c_vdd1.98v,bcs,125,1.98,2.483500e+09,-0.5675,13.8533,-93.8808,-0.0040,0.936748,4.927932,2.022833e-05,0.999543,0.444226,0.999548,0.936308,1.3973,0.8680
sp_bcs_27c_vdd1.62v,bcs,27,1.62,2.400000e+09,-0.3656,6.4144,-97.3233,-0.0036,0.958777,2.092764,1.360926e-05,0.999585,0.482908,0.999818,0.958358,2.3351,0.7343
sp_bcs_27c_vdd1.62v,bcs,27,1.62,2.408350e+09,-0.3667,6.4188,-97.2587,-0.0036,0.958657,2.093816,1.371082e-05,0.999581,0.487416,0.999818,0.958235,2.3350,0.7343
sp_bcs_27c_vdd1.62v,bcs,27,1.62,2.416700e+09,-0.3678,6.4230,-97.1944,-0.0037,0.958537,2.094847,1.381275e-05,0.999578,0.491931,0.999819,0.958112,2.3349,0.7343
sp_bcs_27c_vdd1.62v,bcs,27,1.62,2.425050e+09,-0.3689,6.4272,-97.1303,-0.0037,0.958417,2.095859,1.391504e-05,0.999574,0.496453,0.999820,0.957988,2.3347,0.7343
sp_bcs_27c_vdd1.62v,bcs,27,1.62,2.433400e+09,-0.3700,6.4313,-97.0665,-0.0037,0.958297,2.096850,1.401770e-05,0.999571,0.500982,0.999820,0.957865,2.3346,0.7343
sp_bcs_27c_vdd1.62v,bcs,27,1.62,2.441750e+09,-0.3711,6.4354,-97.0029,-0.0038,0.958177,2.097822,1.412073e-05,0.999567,0.505518,0.999821,0.957741,2.3345,0.7344
sp_bcs_27c_vdd1.62v,bcs,27,1.62,2.450100e+09,-0.3722,6.4393,-96.9395,-0.0038,0.958057,2.098774,1.422412e-05,0.999563,0.510060,0.999822,0.957617,2.3344,0.7344
sp_bcs_27c_vdd1.62v,bcs,27,1.62,2.458450e+09,-0.3733,6.4432,-96.8764,-0.0038,0.957936,2.099707,1.432788e-05,0.999560,0.514608,0.999823,0.957493,2.3343,0.7344
sp_bcs_27c_vdd1.62v,bcs,27,1.62,2.466800e+09,-0.3744,6.4470,-96.8135,-0.0039,0.957815,2.100621,1.443200e-05,0.999556,0.519164,0.999823,0.957368,2.3342,0.7344
sp_bcs_27c_vdd1.62v,bcs,27,1.62,2.475150e+09,-0.3755,6.4507,-96.7508,-0.0039,0.957694,2.101516,1.453649e-05,0.999552,0.523725,0.999824,0.957244,2.3340,0.7344
sp_bcs_27c_vdd1.62v,bcs,27,1.62,2.483500e+09,-0.3766,6.4543,-96.6884,-0.0039,0.957573,2.102391,1.464135e-05,0.999549,0.528293,0.999825,0.957119,2.3339,0.7344
sp_bcs_27c_vdd1.80v,bcs,27,1.80,2.400000e+09,-0.5116,13.5823,-97.0084,-0.0035,0.942804,4.776578,1.411167e-05,0.999592,0.487681,0.999689,0.942407,1.4388,0.6326
sp_bcs_27c_vdd1.80v,bcs,27,1.80,2.408350e+09,-0.5120,13.5680,-96.9488,-0.0036,0.942763,4.768686,1.420886e-05,0.999589,0.491336,0.999690,0.942362,1.4388,0.6326
sp_bcs_27c_vdd1.80v,bcs,27,1.80,2.416700e+09,-0.5123,13.5536,-96.8894,-0.0036,0.942721,4.760792,1.430640e-05,0.999585,0.494981,0.999691,0.942317,1.4387,0.6326
sp_bcs_27c_vdd1.80v,bcs,27,1.80,2.425050e+09,-0.5127,13.5392,-96.8302,-0.0036,0.942680,4.752896,1.440428e-05,0.999582,0.498617,0.999692,0.942273,1.4387,0.6326
sp_bcs_27c_vdd1.80v,bcs,27,1.80,2.433400e+09,-0.5131,13.5247,-96.7711,-0.0037,0.942640,4.744998,1.450251e-05,0.999578,0.502243,0.999693,0.942229,1.4386,0.6326
sp_bcs_27c_vdd1.80v,bcs,27,1.80,2.441750e+09,-0.5135,13.5102,-96.7123,-0.0037,0.942599,4.737099,1.460108e-05,0.999574,0.505861,0.999693,0.942185,1.4385,0.6326
sp_bcs_27c_vdd1.80v,bcs,27,1.80,2.450100e+09,-0.5138,13.4958,-96.6537,-0.0037,0.942559,4.729199,1.469999e-05,0.999571,0.509469,0.999694,0.942141,1.4385,0.6327
sp_bcs_27c_vdd1.80v,bcs,27,1.80,2.458450e+09,-0.5142,13.4812,-96.5952,-0.0038,0.942519,4.721299,1.479924e-05,0.999567,0.513068,0.999695,0.942098,1.4384,0.6327
sp_bcs_27c_vdd1.80v,bcs,27,1.80,2.466800e+09,-0.5146,13.4667,-96.5370,-0.0038,0.942480,4.713398,1.489883e-05,0.999563,0.516658,0.999696,0.942055,1.4384,0.6327
sp_bcs_27c_vdd1.80v,bcs,27,1.80,2.475150e+09,-0.5149,13.4521,-96.4789,-0.0038,0.942441,4.705498,1.499877e-05,0.999560,0.520239,0.999697,0.942012,1.4383,0.6327
sp_bcs_27c_vdd1.80v,bcs,27,1.80,2.483500e+09,-0.5153,13.4375,-96.4210,-0.0039,0.942402,4.697599,1.509905e-05,0.999556,0.523811,0.999698,0.941970,1.4383,0.6327
sp_bcs_27c_vdd1.98v,bcs,27,1.98,2.400000e+09,-0.4958,14.1628,-96.2343,-0.0035,0.944515,5.106706,1.542714e-05,0.999601,0.456553,0.999603,0.944130,1.3111,0.7474
sp_bcs_27c_vdd1.98v,bcs,27,1.98,2.408350e+09,-0.4959,14.1453,-96.1806,-0.0035,0.944506,5.096401,1.552274e-05,0.999597,0.459935,0.999604,0.944118,1.3110,0.7474
sp_bcs_27c_vdd1.98v,bcs,27,1.98,2.416700e+09,-0.4960,14.1277,-96.1271,-0.0035,0.944498,5.086116,1.561866e-05,0.999594,0.463307,0.999605,0.944106,1.3110,0.7474
sp_bcs_27c_vdd1.98v,bcs,27,1.98,2.425050e+09,-0.4961,14.1102,-96.0738,-0.0036,0.944489,5.075849,1.571490e-05,0.999590,0.466669,0.999606,0.944095,1.3110,0.7475
sp_bcs_27c_vdd1.98v,bcs,27,1.98,2.433400e+09,-0.4961,14.0926,-96.0206,-0.0036,0.944480,5.065603,1.581144e-05,0.999587,0.470022,0.999607,0.944083,1.3110,0.7475
sp_bcs_27c_vdd1.98v,bcs,27,1.98,2.441750e+09,-0.4962,14.0751,-95.9675,-0.0036,0.944472,5.055376,1.590831e-05,0.999583,0.473365,0.999608,0.944071,1.3110,0.7475
sp_bcs_27c_vdd1.98v,bcs,27,1.98,2.450100e+09,-0.4963,14.0575,-95.9146,-0.0037,0.944464,5.045169,1.600549e-05,0.999580,0.476698,0.999609,0.944059,1.3110,0.7475
sp_bcs_27c_vdd1.98v,bcs,27,1.98,2.458450e+09,-0.4964,14.0400,-95.8619,-0.0037,0.944455,5.034983,1.610298e-05,0.999576,0.480021,0.999610,0.944047,1.3110,0.7475
sp_bcs_27c_vdd1.98v,bcs,27,1.98,2.466800e+09,-0.4964,14.0224,-95.8093,-0.0037,0.944447,5.024817,1.620079e-05,0.999572,0.483335,0.999611,0.944036,1.3110,0.7475
sp_bcs_27c_vdd1.98v,bcs,27,1.98,2.475150e+09,-0.4965,14.0049,-95.7568,-0.0037,0.944439,5.014672,1.629892e-05,0.999569,0.486639,0.999612,0.944024,1.3110,0.7476
sp_bcs_27c_vdd1.98v,bcs,27,1.98,2.483500e+09,-0.4966,13.9873,-95.7045,-0.0038,0.944431,5.004547,1.639736e-05,0.999565,0.489934,0.999613,0.944013,1.3110,0.7476
sp_fs_-40c_vdd1.62v,fs,-40,1.62,2.400000e+09,-0.2719,-17.8077,-96.3881,-0.0046,0.969182,0.128711,1.515642e-05,0.999475,15.807274,1.000476,0.968672,9.3594,2.5446
sp_fs_-40c_vdd1.62v,fs,-40,1.62,2.408350e+09,-0.2725,-17.8022,-96.3245,-0.0046,0.969113,0.128793,1.526779e-05,0.999470,15.854974,1.000481,0.968598,9.3625,2.5470
sp_fs_-40c_vdd1.62v,fs,-40,1.62,2.416700e+09,-0.2731,-17.7967,-96.2612,-0.0046,0.969043,0.128873,1.537950e-05,0.999466,15.902752,1.000485,0.968524,9.3656,2.5495
sp_fs_-40c_vdd1.62v,fs,-40,1.62,2.425050e+09,-0.2738,-17.7914,-96.1981,-0.0047,0.968973,0.128953,1.549155e-05,0.999461,15.950608,1.000489,0.968450,9.3687,2.5519
sp_fs_-40c_vdd1.62v,fs,-40,1.62,2.433400e+09,-0.2744,-17.7861,-96.1353,-0.0047,0.968903,0.129031,1.560395e-05,0.999457,15.998541,1.000494,0.968376,9.3718,2.5544
sp_fs_-40c_vdd1.62v,fs,-40,1.62,2.441750e+09,-0.2750,-17.7809,-96.0728,-0.0048,0.968833,0.129108,1.571668e-05,0.999452,16.046551,1.000498,0.968301,9.3749,2.5568
sp_fs_-40c_vdd1.62v,fs,-40,1.62,2.450100e+09,-0.2756,-17.7758,-96.0105,-0.0048,0.968763,0.129184,1.582975e-05,0.999448,16.094638,1.000502,0.968227,9.3780,2.5593
sp_fs_-40c_vdd1.62v,fs,-40,1.62,2.458450e+09,-0.2763,-17.7708,-95.9485,-0.0048,0.968693,0.129259,1.594316e-05,0.999443,16.142801,1.000507,0.968152,9.3811,2.5618
sp_fs_-40c_vdd1.62v,fs,-40,1.62,2.466800e+09,-0.2769,-17.7658,-95.8868,-0.0049,0.968623,0.129333,1.605690e-05,0.999438,16.191041,1.000511,0.968077,9.3842,2.5642
sp_fs_-40c_vdd1.62v,fs,-40,1.62,2.475150e+09,-0.2775,-17.7609,-95.8253,-0.0049,0.968552,0.129406,1.617098e-05,0.999434,16.239357,1.000516,0.968003,9.3873,2.5667
sp_fs_-40c_vdd1.62v,fs,-40,1.62,2.483500e+09,-0.2782,-17.7561,-95.7640,-0.0050,0.968482,0.129477,1.628540e-05,0.999429,16.287748,1.000520,0.967928,9.3904,2.5692
sp_fs_-40c_vdd1.80v,fs,-40,1.80,2.400000e+09,-0.4920,10.7035,-95.8672,-0.0043,0.944931,3.429067,1.609306e-05,0.999510,0.426488,0.999704,0.944438,2.0676,0.7005
sp_fs_-40c_vdd1.80v,fs,-40,1.80,2.408350e+09,-0.4932,10.7002,-95.8025,-0.0043,0.944798,3.427739,1.621350e-05,0.999506,0.431110,0.999705,0.944300,2.0675,0.7005
sp_fs_-40c_vdd1.80v,fs,-40,1.80,2.416700e+09,-0.4944,10.6967,-95.7379,-0.0043,0.944665,3.426379,1.633437e-05,0.999502,0.435732,0.999706,0.944163,2.0674,0.7005
sp_fs_-40c_vdd1.80v,fs,-40,1.80,2.425050e+09,-0.4957,10.6932,-95.6737,-0.0044,0.944532,3.424988,1.645569e-05,0.999497,0.440353,0.999708,0.944026,2.0673,0.7006
sp_fs_-40c_vdd1.80v,fs,-40,1.80,2.433400e+09,-0.4969,10.6896,-95.6096,-0.0044,0.944399,3.423566,1.657745e-05,0.999493,0.444973,0.999709,0.943889,2.0672,0.7006
sp_fs_-40c_vdd1.80v,fs,-40,1.80,2.441750e+09,-0.4981,10.6859,-95.5459,-0.0044,0.944267,3.422114,1.669965e-05,0.999489,0.449592,0.999710,0.943753,2.0671,0.7006
sp_fs_-40c_vdd1.80v,fs,-40,1.80,2.450100e+09,-0.4993,10.6821,-95.4823,-0.0045,0.944135,3.420632,1.682229e-05,0.999484,0.454209,0.999711,0.943616,2.0670,0.7006
sp_fs_-40c_vdd1.80v,fs,-40,1.80,2.458450e+09,-0.5005,10.6783,-95.4190,-0.0045,0.944003,3.419120,1.694536e-05,0.999480,0.458826,0.999712,0.943480,2.0669,0.7006
sp_fs_-40c_vdd1.80v,fs,-40,1.80,2.466800e+09,-0.5017,10.6744,-95.3559,-0.0046,0.943872,3.417578,1.706888e-05,0.999476,0.463441,0.999713,0.943345,2.0668,0.7006
sp_fs_-40c_vdd1.80v,fs,-40,1.80,2.475150e+09,-0.5029,10.6704,-95.2931,-0.0046,0.943741,3.416008,1.719283e-05,0.999471,0.468055,0.999714,0.943210,2.0667,0.7006
sp_fs_-40c_vdd1.80v,fs,-40,1.80,2.483500e+09,-0.5042,10.6663,-95.2304,-0.0046,0.943610,3.414409,1.731723e-05,0.999467,0.472668,0.999715,0.943074,2.0666,0.7007
sp_fs_-40c_vdd1.98v,fs,-40,1.98,2.400000e+09,-0.5108,13.7867,-95.4634,-0.0042,0.942885,4.890311,1.685898e-05,0.999511,0.475177,0.999610,0.942409,1.6589,0.7698
sp_fs_-40c_vdd1.98v,fs,-40,1.98,2.408350e+09,-0.5111,13.7713,-95.4043,-0.0043,0.942854,4.881638,1.697404e-05,0.999507,0.478793,0.999611,0.942373,1.6588,0.7698
sp_fs_-40c_vdd1.98v,fs,-40,1.98,2.416700e+09,-0.5114,13.7559,-95.3454,-0.0043,0.942823,4.872968,1.708950e-05,0.999503,0.482399,0.999612,0.942339,1.6588,0.7698
sp_fs_-40c_vdd1.98v,fs,-40,1.98,2.425050e+09,-0.5117,13.7404,-95.2867,-0.0044,0.942793,4.864302,1.720537e-05,0.999498,0.485995,0.999613,0.942304,1.6588,0.7698
sp_fs_-40c_vdd1.98v,fs,-40,1.98,2.433400e+09,-0.5120,13.7249,-95.2282,-0.0044,0.942762,4.855641,1.732165e-05,0.999494,0.489581,0.999614,0.942269,1.6587,0.7698
sp_fs_-40c_vdd1.98v,fs,-40,1.98,2.441750e+09,-0.5122,13.7094,-95.1699,-0.0044,0.942732,4.846985,1.743833e-05,0.999490,0.493157,0.999615,0.942235,1.6587,0.7698
sp_fs_-40c_vdd1.98v,fs,-40,1.98,2.450100e+09,-0.5125,13.6939,-95.1118,-0.0045,0.942702,4.838335,1.755542e-05,0.999485,0.496723,0.999616,0.942201,1.6586,0.7699
sp_fs_-40c_vdd1.98v,fs,-40,1.98,2.458450e+09,-0.5128,13.6784,-95.0538,-0.0045,0.942673,4.829691,1.767291e-05,0.999481,0.500279,0.999617,0.942167,1.6586,0.7699
sp_fs_-40c_vdd1.98v,fs,-40,1.98,2.466800e+09,-0.5131,13.6628,-94.9961,-0.0045,0.942643,4.821053,1.779080e-05,0.999477,0.503826,0.999618,0.942134,1.6585,0.7699
sp_fs_-40c_vdd1.98v,fs,-40,1.98,2.475150e+09,-0.5133,13.6473,-94.9385,-0.0046,0.942614,4.812421,1.790910e-05,0.999472,0.507363,0.999619,0.942100,1.6585,0.7699
sp_fs_-40c_vdd1.98v,fs,-40,1.98,2.483500e+09,-0.5136,13.6317,-94.8811,-0.0046,0.942585,4.803796,1.802781e-05,0.999468,0.510890,0.999620,0.942067,1.6584,0.7699
sp_fs_125c_vdd1.62v,fs,125,1.62,2.400000e+09,-0.6151,11.4144,-92.4254,-0.0048,0.931631,3.721525,2.391839e-05,0.999449,0.345933,0.999559,0.931072,1.9887,0.7977
sp_fs_125c_vdd1.62v,fs,125,1.62,2.408350e+09,-0.6162,11.4087,-92.3612,-0.0048,0.931511,3.719054,2.409583e-05,0.999444,0.349958,0.999560,0.930948,1.9886,0.7977
sp_fs_125c_vdd1.62v,fs,125,1.62,2.416700e+09,-0.6174,11.4028,-92.2972,-0.0049,0.931392,3.716554,2.427393e-05,0.999439,0.353980,0.999560,0.930824,1.9885,0.7977
sp_fs_125c_vdd1.62v,fs,125,1.62,2.425050e+09,-0.6185,11.3969,-92.2335,-0.0049,0.931273,3.714023,2.445267e-05,0.999434,0.357998,0.999561,0.930700,1.9884,0.7977
sp_fs_125c_vdd1.62v,fs,125,1.62,2.433400e+09,-0.6196,11.3909,-92.1700,-0.0050,0.931154,3.711463,2.463206e-05,0.999429,0.362012,0.999561,0.930577,1.9884,0.7978
sp_fs_125c_vdd1.62v,fs,125,1.62,2.441750e+09,-0.6207,11.3848,-92.1067,-0.0050,0.931036,3.708874,2.481210e-05,0.999424,0.366023,0.999562,0.930453,1.9883,0.7978
sp_fs_125c_vdd1.62v,fs,125,1.62,2.450100e+09,-0.6218,11.3787,-92.0437,-0.0050,0.930918,3.706257,2.499278e-05,0.999419,0.370029,0.999563,0.930331,1.9882,0.7978
sp_fs_125c_vdd1.62v,fs,125,1.62,2.458450e+09,-0.6229,11.3725,-91.9809,-0.0051,0.930800,3.703611,2.517412e-05,0.999414,0.374031,0.999563,0.930209,1.9881,0.7978
sp_fs_125c_vdd1.62v,fs,125,1.62,2.466800e+09,-0.6240,11.3662,-91.9184,-0.0051,0.930683,3.700938,2.535610e-05,0.999409,0.378030,0.999564,0.930087,1.9880,0.7978
sp_fs_125c_vdd1.62v,fs,125,1.62,2.475150e+09,-0.6251,11.3599,-91.8560,-0.0052,0.930566,3.698238,2.553872e-05,0.999405,0.382024,0.999565,0.929965,1.9879,0.7979
sp_fs_125c_vdd1.62v,fs,125,1.62,2.483500e+09,-0.6261,11.3535,-91.7939,-0.0052,0.930450,3.695511,2.572200e-05,0.999400,0.386015,0.999565,0.929844,1.9878,0.7979
sp_fs_125c_vdd1.80v,fs,125,1.80,2.400000e+09,-0.6579,13.0007,-92.4216,-0.0047,0.927054,4.467204,2.392874e-05,0.999461,0.403356,0.999546,0.926520,1.7997,0.8930
sp_fs_125c_vdd1.80v,fs,125,1.80,2.408350e+09,-0.6584,12.9887,-92.3593,-0.0047,0.927006,4.461040,2.410087e-05,0.999457,0.406934,0.999547,0.926467,1.7997,0.8930
sp_fs_125c_vdd1.80v,fs,125,1.80,2.416700e+09,-0.6588,12.9767,-92.2973,-0.0048,0.926958,4.454862,2.427362e-05,0.999452,0.410504,0.999547,0.926414,1.7996,0.8930
sp_fs_125c_vdd1.80v,fs,125,1.80,2.425050e+09,-0.6593,12.9646,-92.2355,-0.0048,0.926910,4.448670,2.444700e-05,0.999447,0.414066,0.999547,0.926362,1.7996,0.8930
sp_fs_125c_vdd1.80v,fs,125,1.80,2.433400e+09,-0.6597,12.9525,-92.1739,-0.0048,0.926862,4.442465,2.462101e-05,0.999442,0.417619,0.999548,0.926310,1.7995,0.8930
sp_fs_125c_vdd1.80v,fs,125,1.80,2.441750e+09,-0.6601,12.9403,-92.1125,-0.0049,0.926815,4.436248,2.479564e-05,0.999437,0.421164,0.999548,0.926258,1.7995,0.8930
sp_fs_125c_vdd1.80v,fs,125,1.80,2.450100e+09,-0.6606,12.9281,-92.0513,-0.0049,0.926768,4.430017,2.497089e-05,0.999433,0.424700,0.999549,0.926206,1.7995,0.8931
sp_fs_125c_vdd1.80v,fs,125,1.80,2.458450e+09,-0.6610,12.9159,-91.9904,-0.0050,0.926721,4.423775,2.514677e-05,0.999428,0.428228,0.999549,0.926155,1.7994,0.8931
sp_fs_125c_vdd1.80v,fs,125,1.80,2.466800e+09,-0.6615,12.9036,-91.9296,-0.0050,0.926674,4.417522,2.532328e-05,0.999423,0.431748,0.999550,0.926104,1.7994,0.8931
sp_fs_125c_vdd1.80v,fs,125,1.80,2.475150e+09,-0.6619,12.8912,-91.8691,-0.0051,0.926628,4.411258,2.550041e-05,0.999418,0.435259,0.999551,0.926053,1.7993,0.8931
sp_fs_125c_vdd1.80v,fs,125,1.80,2.483500e+09,-0.6623,12.8789,-91.8087,-0.0051,0.926582,4.404983,2.567816e-05,0.999413,0.438762,0.999551,0.926003,1.7993,0.8931
sp_fs_125c_vdd1.98v,fs,125,1.98,2.400000e+09,-0.6631,13.4723,-92.3660,-0.0046,0.926503,4.716463,2.408241e-05,0.999475,0.417529,0.999533,0.925987,1.7475,1.0148
sp_fs_125c_vdd1.98v,fs,125,1.98,2.408350e+09,-0.6632,13.4580,-92.3056,-0.0046,0.926490,4.708698,2.425045e-05,0.999470,0.420881,0.999533,0.925969,1.7475,1.0149
sp_fs_125c_vdd1.98v,fs,125,1.98,2.416700e+09,-0.6633,13.4437,-92.2454,-0.0046,0.926477,4.700931,2.441909e-05,0.999465,0.424223,0.999533,0.925952,1.7475,1.0149
sp_fs_125c_vdd1.98v,fs,125,1.98,2.425050e+09,-0.6634,13.4293,-92.1854,-0.0047,0.926464,4.693161,2.458834e-05,0.999461,0.427555,0.999534,0.925935,1.7475,1.0149
sp_fs_125c_vdd1.98v,fs,125,1.98,2.433400e+09,-0.6635,13.4149,-92.1256,-0.0047,0.926451,4.685390,2.475818e-05,0.999456,0.430878,0.999534,0.925918,1.7475,1.0149
sp_fs_125c_vdd1.98v,fs,125,1.98,2.441750e+09,-0.6637,13.4005,-92.0660,-0.0048,0.926438,4.677617,2.492863e-05,0.999451,0.434191,0.999534,0.925901,1.7475,1.0150
sp_fs_125c_vdd1.98v,fs,125,1.98,2.450100e+09,-0.6638,13.3860,-92.0066,-0.0048,0.926426,4.669843,2.509968e-05,0.999447,0.437494,0.999535,0.925884,1.7475,1.0150
sp_fs_125c_vdd1.98v,fs,125,1.98,2.458450e+09,-0.6639,13.3716,-91.9474,-0.0048,0.926413,4.662068,2.527133e-05,0.999442,0.440788,0.999535,0.925867,1.7475,1.0150
sp_fs_125c_vdd1.98v,fs,125,1.98,2.466800e+09,-0.6640,13.3571,-91.8884,-0.0049,0.926401,4.654293,2.544358e-05,0.999437,0.444073,0.999536,0.925850,1.7475,1.0150
sp_fs_125c_vdd1.98v,fs,125,1.98,2.475150e+09,-0.6641,13.3426,-91.8296,-0.0049,0.926389,4.646518,2.561643e-05,0.999432,0.447348,0.999536,0.925833,1.7475,1.0151
sp_fs_125c_vdd1.98v,fs,125,1.98,2.483500e+09,-0.6642,13.3280,-91.7710,-0.0050,0.926376,4.638744,2.578989e-05,0.999427,0.450614,0.999537,0.925817,1.7474,1.0151
sp_fs_27c_vdd1.62v,fs,27,1.62,2.400000e+09,-0.3585,4.3308,-94.3950,-0.0046,0.959571,1.646423,1.906552e-05,0.999474,0.560478,0.999826,0.959041,2.8290,0.8474
sp_fs_27c_vdd1.62v,fs,27,1.62,2.408350e+09,-0.3595,4.3369,-94.3291,-0.0046,0.959453,1.647575,1.921084e-05,0.999469,0.564974,0.999827,0.958919,2.8289,0.8474
sp_fs_27c_vdd1.62v,fs,27,1.62,2.416700e+09,-0.3606,4.3429,-94.2634,-0.0047,0.959335,1.648712,1.935670e-05,0.999465,0.569479,0.999828,0.958796,2.8287,0.8475
sp_fs_27c_vdd1.62v,fs,27,1.62,2.425050e+09,-0.3617,4.3488,-94.1979,-0.0047,0.959217,1.649834,1.950308e-05,0.999460,0.573992,0.999828,0.958673,2.8286,0.8475
sp_fs_27c_vdd1.62v,fs,27,1.62,2.433400e+09,-0.3627,4.3546,-94.1328,-0.0047,0.959098,1.650941,1.964999e-05,0.999456,0.578512,0.999829,0.958550,2.8285,0.8475
sp_fs_27c_vdd1.62v,fs,27,1.62,2.441750e+09,-0.3638,4.3604,-94.0678,-0.0048,0.958979,1.652033,1.979744e-05,0.999451,0.583041,0.999830,0.958426,2.8283,0.8476
sp_fs_27c_vdd1.62v,fs,27,1.62,2.450100e+09,-0.3649,4.3660,-94.0031,-0.0048,0.958860,1.653111,1.994541e-05,0.999446,0.587578,0.999831,0.958302,2.8282,0.8476
sp_fs_27c_vdd1.62v,fs,27,1.62,2.458450e+09,-0.3660,4.3716,-93.9387,-0.0049,0.958740,1.654175,2.009391e-05,0.999442,0.592123,0.999832,0.958178,2.8280,0.8477
sp_fs_27c_vdd1.62v,fs,27,1.62,2.466800e+09,-0.3671,4.3771,-93.8745,-0.0049,0.958620,1.655224,2.024294e-05,0.999437,0.596675,0.999833,0.958054,2.8279,0.8477
sp_fs_27c_vdd1.62v,fs,27,1.62,2.475150e+09,-0.3682,4.3826,-93.8106,-0.0049,0.958500,1.656259,2.039250e-05,0.999432,0.601236,0.999834,0.957930,2.8278,0.8477
sp_fs_27c_vdd1.62v,fs,27,1.62,2.483500e+09,-0.3692,4.3879,-93.7469,-0.0050,0.958380,1.657280,2.054259e-05,0.999428,0.605804,0.999835,0.957805,2.8276,0.8478
sp_fs_27c_vdd1.80v,fs,27,1.80,2.400000e+09,-0.5750,12.7409,-94.4164,-0.0044,0.935944,4.335539,1.901860e-05,0.999490,0.430649,0.999621,0.935437,1.8153,0.7507
sp_fs_27c_vdd1.80v,fs,27,1.80,2.408350e+09,-0.5757,12.7303,-94.3533,-0.0045,0.935867,4.330260,1.915725e-05,0.999486,0.434569,0.999622,0.935356,1.8152,0.7508
sp_fs_27c_vdd1.80v,fs,27,1.80,2.416700e+09,-0.5764,12.7196,-94.2905,-0.0045,0.935791,4.324961,1.929640e-05,0.999481,0.438481,0.999623,0.935276,1.8152,0.7508
sp_fs_27c_vdd1.80v,fs,27,1.80,2.425050e+09,-0.5771,12.7090,-94.2278,-0.0045,0.935715,4.319642,1.943607e-05,0.999477,0.442386,0.999624,0.935196,1.8151,0.7508
sp_fs_27c_vdd1.80v,fs,27,1.80,2.433400e+09,-0.5778,12.6982,-94.1654,-0.0046,0.935640,4.314305,1.957623e-05,0.999472,0.446283,0.999625,0.935116,1.8150,0.7508
sp_fs_27c_vdd1.80v,fs,27,1.80,2.441750e+09,-0.5785,12.6874,-94.1032,-0.0046,0.935565,4.308949,1.971691e-05,0.999468,0.450174,0.999625,0.935037,1.8149,0.7508
sp_fs_27c_vdd1.80v,fs,27,1.80,2.450100e+09,-0.5792,12.6766,-94.0413,-0.0047,0.935490,4.303575,1.985809e-05,0.999463,0.454056,0.999626,0.934958,1.8149,0.7508
sp_fs_27c_vdd1.80v,fs,27,1.80,2.458450e+09,-0.5799,12.6657,-93.9795,-0.0047,0.935416,4.298184,1.999977e-05,0.999459,0.457932,0.999627,0.934879,1.8148,0.7508
sp_fs_27c_vdd1.80v,fs,27,1.80,2.466800e+09,-0.5806,12.6548,-93.9180,-0.0047,0.935342,4.292776,2.014197e-05,0.999454,0.461799,0.999628,0.934801,1.8147,0.7509
sp_fs_27c_vdd1.80v,fs,27,1.80,2.475150e+09,-0.5813,12.6438,-93.8566,-0.0048,0.935269,4.287352,2.028466e-05,0.999449,0.465660,0.999629,0.934723,1.8147,0.7509
sp_fs_27c_vdd1.80v,fs,27,1.80,2.483500e+09,-0.5820,12.6328,-93.7955,-0.0048,0.935196,4.281912,2.042786e-05,0.999445,0.469513,0.999630,0.934646,1.8146,0.7509
sp_fs_27c_vdd1.98v,fs,27,1.98,2.400000e+09,-0.5718,13.6938,-94.1517,-0.0044,0.936286,4.838254,1.960723e-05,0.999498,0.452221,0.999579,0.935795,1.6741,0.8850
sp_fs_27c_vdd1.98v,fs,27,1.98,2.408350e+09,-0.5720,13.6786,-94.0922,-0.0044,0.936262,4.829824,1.974197e-05,0.999494,0.455718,0.999579,0.935768,1.6741,0.8850
sp_fs_27c_vdd1.98v,fs,27,1.98,2.416700e+09,-0.5723,13.6635,-94.0329,-0.0044,0.936239,4.821396,1.987719e-05,0.999489,0.459206,0.999580,0.935741,1.6741,0.8850
sp_fs_27c_vdd1.98v,fs,27,1.98,2.425050e+09,-0.5725,13.6483,-93.9738,-0.0045,0.936216,4.812971,2.001289e-05,0.999485,0.462684,0.999581,0.935714,1.6740,0.8851
sp_fs_27c_vdd1.98v,fs,27,1.98,2.433400e+09,-0.5727,13.6331,-93.9149,-0.0045,0.936194,4.804549,2.014906e-05,0.999480,0.466152,0.999582,0.935687,1.6740,0.8851
sp_fs_27c_vdd1.98v,fs,27,1.98,2.441750e+09,-0.5729,13.6178,-93.8562,-0.0046,0.936171,4.796131,2.028572e-05,0.999476,0.469610,0.999582,0.935660,1.6740,0.8851
sp_fs_27c_vdd1.98v,fs,27,1.98,2.450100e+09,-0.5731,13.6026,-93.7977,-0.0046,0.936149,4.787716,2.042285e-05,0.999472,0.473059,0.999583,0.935634,1.6740,0.8851
sp_fs_27c_vdd1.98v,fs,27,1.98,2.458450e+09,-0.5733,13.5873,-93.7393,-0.0046,0.936127,4.779305,2.056045e-05,0.999467,0.476497,0.999584,0.935607,1.6739,0.8851
sp_fs_27c_vdd1.98v,fs,27,1.98,2.466800e+09,-0.5735,13.5720,-93.6812,-0.0047,0.936105,4.770899,2.069854e-05,0.999462,0.479926,0.999585,0.935581,1.6739,0.8852
sp_fs_27c_vdd1.98v,fs,27,1.98,2.475150e+09,-0.5737,13.5567,-93.6233,-0.0047,0.936083,4.762498,2.083710e-05,0.999458,0.483346,0.999586,0.935555,1.6739,0.8852
sp_fs_27c_vdd1.98v,fs,27,1.98,2.483500e+09,-0.5739,13.5414,-93.5655,-0.0047,0.936061,4.754102,2.097614e-05,0.999453,0.486755,0.999586,0.935529,1.6739,0.8852
sp_sf_-40c_vdd1.62v,sf,-40,1.62,2.400000e+09,-0.2719,-17.8077,-96.3881,-0.0046,0.969182,0.128711,1.515642e-05,0.999475,15.807274,1.000476,0.968672,9.3594,2.5446
sp_sf_-40c_vdd1.62v,sf,-40,1.62,2.408350e+09,-0.2725,-17.8022,-96.3245,-0.0046,0.969113,0.128793,1.526779e-05,0.999470,15.854974,1.000481,0.968598,9.3625,2.5470
sp_sf_-40c_vdd1.62v,sf,-40,1.62,2.416700e+09,-0.2731,-17.7967,-96.2612,-0.0046,0.969043,0.128873,1.537950e-05,0.999466,15.902752,1.000485,0.968524,9.3656,2.5495
sp_sf_-40c_vdd1.62v,sf,-40,1.62,2.425050e+09,-0.2738,-17.7914,-96.1981,-0.0047,0.968973,0.128953,1.549155e-05,0.999461,15.950608,1.000489,0.968450,9.3687,2.5519
sp_sf_-40c_vdd1.62v,sf,-40,1.62,2.433400e+09,-0.2744,-17.7861,-96.1353,-0.0047,0.968903,0.129031,1.560395e-05,0.999457,15.998541,1.000494,0.968376,9.3718,2.5544
sp_sf_-40c_vdd1.62v,sf,-40,1.62,2.441750e+09,-0.2750,-17.7809,-96.0728,-0.0048,0.968833,0.129108,1.571668e-05,0.999452,16.046551,1.000498,0.968301,9.3749,2.5568
sp_sf_-40c_vdd1.62v,sf,-40,1.62,2.450100e+09,-0.2756,-17.7758,-96.0105,-0.0048,0.968763,0.129184,1.582975e-05,0.999448,16.094638,1.000502,0.968227,9.3780,2.5593
sp_sf_-40c_vdd1.62v,sf,-40,1.62,2.458450e+09,-0.2763,-17.7708,-95.9485,-0.0048,0.968693,0.129259,1.594316e-05,0.999443,16.142801,1.000507,0.968152,9.3811,2.5618
sp_sf_-40c_vdd1.62v,sf,-40,1.62,2.466800e+09,-0.2769,-17.7658,-95.8868,-0.0049,0.968623,0.129333,1.605690e-05,0.999438,16.191041,1.000511,0.968077,9.3842,2.5642
sp_sf_-40c_vdd1.62v,sf,-40,1.62,2.475150e+09,-0.2775,-17.7609,-95.8253,-0.0049,0.968552,0.129406,1.617098e-05,0.999434,16.239357,1.000516,0.968003,9.3873,2.5667
sp_sf_-40c_vdd1.62v,sf,-40,1.62,2.483500e+09,-0.2782,-17.7561,-95.7640,-0.0050,0.968482,0.129477,1.628540e-05,0.999429,16.287748,1.000520,0.967928,9.3904,2.5692
sp_sf_-40c_vdd1.80v,sf,-40,1.80,2.400000e+09,-0.4920,10.7035,-95.8672,-0.0043,0.944931,3.429067,1.609306e-05,0.999510,0.426488,0.999704,0.944438,2.0676,0.7005
sp_sf_-40c_vdd1.80v,sf,-40,1.80,2.408350e+09,-0.4932,10.7002,-95.8025,-0.0043,0.944798,3.427739,1.621350e-05,0.999506,0.431110,0.999705,0.944300,2.0675,0.7005
sp_sf_-40c_vdd1.80v,sf,-40,1.80,2.416700e+09,-0.4944,10.6967,-95.7379,-0.0043,0.944665,3.426379,1.633437e-05,0.999502,0.435732,0.999706,0.944163,2.0674,0.7005
sp_sf_-40c_vdd1.80v,sf,-40,1.80,2.425050e+09,-0.4957,10.6932,-95.6737,-0.0044,0.944532,3.424988,1.645569e-05,0.999497,0.440353,0.999708,0.944026,2.0673,0.7006
sp_sf_-40c_vdd1.80v,sf,-40,1.80,2.433400e+09,-0.4969,10.6896,-95.6096,-0.0044,0.944399,3.423566,1.657745e-05,0.999493,0.444973,0.999709,0.943889,2.0672,0.7006
sp_sf_-40c_vdd1.80v,sf,-40,1.80,2.441750e+09,-0.4981,10.6859,-95.5459,-0.0044,0.944267,3.422114,1.669965e-05,0.999489,0.449592,0.999710,0.943753,2.0671,0.7006
sp_sf_-40c_vdd1.80v,sf,-40,1.80,2.450100e+09,-0.4993,10.6821,-95.4823,-0.0045,0.944135,3.420632,1.682229e-05,0.999484,0.454209,0.999711,0.943616,2.0670,0.7006
sp_sf_-40c_vdd1.80v,sf,-40,1.80,2.458450e+09,-0.5005,10.6783,-95.4190,-0.0045,0.944003,3.419120,1.694536e-05,0.999480,0.458826,0.999712,0.943480,2.0669,0.7006
sp_sf_-40c_vdd1.80v,sf,-40,1.80,2.466800e+09,-0.5017,10.6744,-95.3559,-0.0046,0.943872,3.417578,1.706888e-05,0.999476,0.463441,0.999713,0.943345,2.0668,0.7006
sp_sf_-40c_vdd1.80v,sf,-40,1.80,2.475150e+09,-0.5029,10.6704,-95.2931,-0.0046,0.943741,3.416008,1.719283e-05,0.999471,0.468055,0.999714,0.943210,2.0667,0.7006
sp_sf_-40c_vdd1.80v,sf,-40,1.80,2.483500e+09,-0.5042,10.6663,-95.2304,-0.0046,0.943610,3.414409,1.731723e-05,0.999467,0.472668,0.999715,0.943074,2.0666,0.7007
sp_sf_-40c_vdd1.98v,sf,-40,1.98,2.400000e+09,-0.5108,13.7867,-95.4634,-0.0042,0.942885,4.890311,1.685898e-05,0.999511,0.475177,0.999610,0.942409,1.6589,0.7698
sp_sf_-40c_vdd1.98v,sf,-40,1.98,2.408350e+09,-0.5111,13.7713,-95.4043,-0.0043,0.942854,4.881638,1.697404e-05,0.999507,0.478793,0.999611,0.942373,1.6588,0.7698
sp_sf_-40c_vdd1.98v,sf,-40,1.98,2.416700e+09,-0.5114,13.7559,-95.3454,-0.0043,0.942823,4.872968,1.708950e-05,0.999503,0.482399,0.999612,0.942339,1.6588,0.7698
sp_sf_-40c_vdd1.98v,sf,-40,1.98,2.425050e+09,-0.5117,13.7404,-95.2867,-0.0044,0.942793,4.864302,1.720537e-05,0.999498,0.485995,0.999613,0.942304,1.6588,0.7698
sp_sf_-40c_vdd1.98v,sf,-40,1.98,2.433400e+09,-0.5120,13.7249,-95.2282,-0.0044,0.942762,4.855641,1.732165e-05,0.999494,0.489581,0.999614,0.942269,1.6587,0.7698
sp_sf_-40c_vdd1.98v,sf,-40,1.98,2.441750e+09,-0.5122,13.7094,-95.1699,-0.0044,0.942732,4.846985,1.743833e-05,0.999490,0.493157,0.999615,0.942235,1.6587,0.7698
sp_sf_-40c_vdd1.98v,sf,-40,1.98,2.450100e+09,-0.5125,13.6939,-95.1118,-0.0045,0.942702,4.838335,1.755542e-05,0.999485,0.496723,0.999616,0.942201,1.6586,0.7699
sp_sf_-40c_vdd1.98v,sf,-40,1.98,2.458450e+09,-0.5128,13.6784,-95.0538,-0.0045,0.942673,4.829691,1.767291e-05,0.999481,0.500279,0.999617,0.942167,1.6586,0.7699
sp_sf_-40c_vdd1.98v,sf,-40,1.98,2.466800e+09,-0.5131,13.6628,-94.9961,-0.0045,0.942643,4.821053,1.779080e-05,0.999477,0.503826,0.999618,0.942134,1.6585,0.7699
sp_sf_-40c_vdd1.98v,sf,-40,1.98,2.475150e+09,-0.5133,13.6473,-94.9385,-0.0046,0.942614,4.812421,1.790910e-05,0.999472,0.507363,0.999619,0.942100,1.6585,0.7699
sp_sf_-40c_vdd1.98v,sf,-40,1.98,2.483500e+09,-0.5136,13.6317,-94.8811,-0.0046,0.942585,4.803796,1.802781e-05,0.999468,0.510890,0.999620,0.942067,1.6584,0.7699
sp_sf_125c_vdd1.62v,sf,125,1.62,2.400000e+09,-0.6151,11.4144,-92.4254,-0.0048,0.931631,3.721525,2.391839e-05,0.999449,0.345933,0.999559,0.931072,1.9887,0.7977
sp_sf_125c_vdd1.62v,sf,125,1.62,2.408350e+09,-0.6162,11.4087,-92.3612,-0.0048,0.931511,3.719054,2.409583e-05,0.999444,0.349958,0.999560,0.930948,1.9886,0.7977
sp_sf_125c_vdd1.62v,sf,125,1.62,2.416700e+09,-0.6174,11.4028,-92.2972,-0.0049,0.931392,3.716554,2.427393e-05,0.999439,0.353980,0.999560,0.930824,1.9885,0.7977
sp_sf_125c_vdd1.62v,sf,125,1.62,2.425050e+09,-0.6185,11.3969,-92.2335,-0.0049,0.931273,3.714023,2.445267e-05,0.999434,0.357998,0.999561,0.930700,1.9884,0.7977
sp_sf_125c_vdd1.62v,sf,125,1.62,2.433400e+09,-0.6196,11.3909,-92.1700,-0.0050,0.931154,3.711463,2.463206e-05,0.999429,0.362012,0.999561,0.930577,1.9884,0.7978
sp_sf_125c_vdd1.62v,sf,125,1.62,2.441750e+09,-0.6207,11.3848,-92.1067,-0.0050,0.931036,3.708874,2.481210e-05,0.999424,0.366023,0.999562,0.930453,1.9883,0.7978
sp_sf_125c_vdd1.62v,sf,125,1.62,2.450100e+09,-0.6218,11.3787,-92.0437,-0.0050,0.930918,3.706257,2.499278e-05,0.999419,0.370029,0.999563,0.930331,1.9882,0.7978
sp_sf_125c_vdd1.62v,sf,125,1.62,2.458450e+09,-0.6229,11.3725,-91.9809,-0.0051,0.930800,3.703611,2.517412e-05,0.999414,0.374031,0.999563,0.930209,1.9881,0.7978
sp_sf_125c_vdd1.62v,sf,125,1.62,2.466800e+09,-0.6240,11.3662,-91.9184,-0.0051,0.930683,3.700938,2.535610e-05,0.999409,0.378030,0.999564,0.930087,1.9880,0.7978
sp_sf_125c_vdd1.62v,sf,125,1.62,2.475150e+09,-0.6251,11.3599,-91.8560,-0.0052,0.930566,3.698238,2.553872e-05,0.999405,0.382024,0.999565,0.929965,1.9879,0.7979
sp_sf_125c_vdd1.62v,sf,125,1.62,2.483500e+09,-0.6261,11.3535,-91.7939,-0.0052,0.930450,3.695511,2.572200e-05,0.999400,0.386015,0.999565,0.929844,1.9878,0.7979
sp_sf_125c_vdd1.80v,sf,125,1.80,2.400000e+09,-0.6579,13.0007,-92.4216,-0.0047,0.927054,4.467204,2.392874e-05,0.999461,0.403356,0.999546,0.926520,1.7997,0.8930
sp_sf_125c_vdd1.80v,sf,125,1.80,2.408350e+09,-0.6584,12.9887,-92.3593,-0.0047,0.927006,4.461040,2.410087e-05,0.999457,0.406934,0.999547,0.926467,1.7997,0.8930
sp_sf_125c_vdd1.80v,sf,125,1.80,2.416700e+09,-0.6588,12.9767,-92.2973,-0.0048,0.926958,4.454862,2.427362e-05,0.999452,0.410504,0.999547,0.926414,1.7996,0.8930
sp_sf_125c_vdd1.80v,sf,125,1.80,2.425050e+09,-0.6593,12.9646,-92.2355,-0.0048,0.926910,4.448670,2.444700e-05,0.999447,0.414066,0.999547,0.926362,1.7996,0.8930
sp_sf_125c_vdd1.80v,sf,125,1.80,2.433400e+09,-0.6597,12.9525,-92.1739,-0.0048,0.926862,4.442465,2.462101e-05,0.999442,0.417619,0.999548,0.926310,1.7995,0.8930
sp_sf_125c_vdd1.80v,sf,125,1.80,2.441750e+09,-0.6601,12.9403,-92.1125,-0.0049,0.926815,4.436248,2.479564e-05,0.999437,0.421164,0.999548,0.926258,1.7995,0.8930
sp_sf_125c_vdd1.80v,sf,125,1.80,2.450100e+09,-0.6606,12.9281,-92.0513,-0.0049,0.926768,4.430017,2.497089e-05,0.999433,0.424700,0.999549,0.926206,1.7995,0.8931
sp_sf_125c_vdd1.80v,sf,125,1.80,2.458450e+09,-0.6610,12.9159,-91.9904,-0.0050,0.926721,4.423775,2.514677e-05,0.999428,0.428228,0.999549,0.926155,1.7994,0.8931
sp_sf_125c_vdd1.80v,sf,125,1.80,2.466800e+09,-0.6615,12.9036,-91.9296,-0.0050,0.926674,4.417522,2.532328e-05,0.999423,0.431748,0.999550,0.926104,1.7994,0.8931
sp_sf_125c_vdd1.80v,sf,125,1.80,2.475150e+09,-0.6619,12.8912,-91.8691,-0.0051,0.926628,4.411258,2.550041e-05,0.999418,0.435259,0.999551,0.926053,1.7993,0.8931
sp_sf_125c_vdd1.80v,sf,125,1.80,2.483500e+09,-0.6623,12.8789,-91.8087,-0.0051,0.926582,4.404983,2.567816e-05,0.999413,0.438762,0.999551,0.926003,1.7993,0.8931
sp_sf_125c_vdd1.98v,sf,125,1.98,2.400000e+09,-0.6631,13.4723,-92.3660,-0.0046,0.926503,4.716463,2.408241e-05,0.999475,0.417529,0.999533,0.925987,1.7475,1.0148
sp_sf_125c_vdd1.98v,sf,125,1.98,2.408350e+09,-0.6632,13.4580,-92.3056,-0.0046,0.926490,4.708698,2.425045e-05,0.999470,0.420881,0.999533,0.925969,1.7475,1.0149
sp_sf_125c_vdd1.98v,sf,125,1.98,2.416700e+09,-0.6633,13.4437,-92.2454,-0.0046,0.926477,4.700931,2.441909e-05,0.999465,0.424223,0.999533,0.925952,1.7475,1.0149
sp_sf_125c_vdd1.98v,sf,125,1.98,2.425050e+09,-0.6634,13.4293,-92.1854,-0.0047,0.926464,4.693161,2.458834e-05,0.999461,0.427555,0.999534,0.925935,1.7475,1.0149
sp_sf_125c_vdd1.98v,sf,125,1.98,2.433400e+09,-0.6635,13.4149,-92.1256,-0.0047,0.926451,4.685390,2.475818e-05,0.999456,0.430878,0.999534,0.925918,1.7475,1.0149
sp_sf_125c_vdd1.98v,sf,125,1.98,2.441750e+09,-0.6637,13.4005,-92.0660,-0.0048,0.926438,4.677617,2.492863e-05,0.999451,0.434191,0.999534,0.925901,1.7475,1.0150
sp_sf_125c_vdd1.98v,sf,125,1.98,2.450100e+09,-0.6638,13.3860,-92.0066,-0.0048,0.926426,4.669843,2.509968e-05,0.999447,0.437494,0.999535,0.925884,1.7475,1.0150
sp_sf_125c_vdd1.98v,sf,125,1.98,2.458450e+09,-0.6639,13.3716,-91.9474,-0.0048,0.926413,4.662068,2.527133e-05,0.999442,0.440788,0.999535,0.925867,1.7475,1.0150
sp_sf_125c_vdd1.98v,sf,125,1.98,2.466800e+09,-0.6640,13.3571,-91.8884,-0.0049,0.926401,4.654293,2.544358e-05,0.999437,0.444073,0.999536,0.925850,1.7475,1.0150
sp_sf_125c_vdd1.98v,sf,125,1.98,2.475150e+09,-0.6641,13.3426,-91.8296,-0.0049,0.926389,4.646518,2.561643e-05,0.999432,0.447348,0.999536,0.925833,1.7475,1.0151
sp_sf_125c_vdd1.98v,sf,125,1.98,2.483500e+09,-0.6642,13.3280,-91.7710,-0.0050,0.926376,4.638744,2.578989e-05,0.999427,0.450614,0.999537,0.925817,1.7474,1.0151
sp_sf_27c_vdd1.62v,sf,27,1.62,2.400000e+09,-0.3585,4.3308,-94.3950,-0.0046,0.959571,1.646423,1.906552e-05,0.999474,0.560478,0.999826,0.959041,2.8290,0.8474
sp_sf_27c_vdd1.62v,sf,27,1.62,2.408350e+09,-0.3595,4.3369,-94.3291,-0.0046,0.959453,1.647575,1.921084e-05,0.999469,0.564974,0.999827,0.958919,2.8289,0.8474
sp_sf_27c_vdd1.62v,sf,27,1.62,2.416700e+09,-0.3606,4.3429,-94.2634,-0.0047,0.959335,1.648712,1.935670e-05,0.999465,0.569479,0.999828,0.958796,2.8287,0.8475
sp_sf_27c_vdd1.62v,sf,27,1.62,2.425050e+09,-0.3617,4.3488,-94.1979,-0.0047,0.959217,1.649834,1.950308e-05,0.999460,0.573992,0.999828,0.958673,2.8286,0.8475
sp_sf_27c_vdd1.62v,sf,27,1.62,2.433400e+09,-0.3627,4.3546,-94.1328,-0.0047,0.959098,1.650941,1.964999e-05,0.999456,0.578512,0.999829,0.958550,2.8285,0.8475
sp_sf_27c_vdd1.62v,sf,27,1.62,2.441750e+09,-0.3638,4.3604,-94.0678,-0.0048,0.958979,1.652033,1.979744e-05,0.999451,0.583041,0.999830,0.958426,2.8283,0.8476
sp_sf_27c_vdd1.62v,sf,27,1.62,2.450100e+09,-0.3649,4.3660,-94.0031,-0.0048,0.958860,1.653111,1.994541e-05,0.999446,0.587578,0.999831,0.958302,2.8282,0.8476
sp_sf_27c_vdd1.62v,sf,27,1.62,2.458450e+09,-0.3660,4.3716,-93.9387,-0.0049,0.958740,1.654175,2.009391e-05,0.999442,0.592123,0.999832,0.958178,2.8280,0.8477
sp_sf_27c_vdd1.62v,sf,27,1.62,2.466800e+09,-0.3671,4.3771,-93.8745,-0.0049,0.958620,1.655224,2.024294e-05,0.999437,0.596675,0.999833,0.958054,2.8279,0.8477
sp_sf_27c_vdd1.62v,sf,27,1.62,2.475150e+09,-0.3682,4.3826,-93.8106,-0.0049,0.958500,1.656259,2.039250e-05,0.999432,0.601236,0.999834,0.957930,2.8278,0.8477
sp_sf_27c_vdd1.62v,sf,27,1.62,2.483500e+09,-0.3692,4.3879,-93.7469,-0.0050,0.958380,1.657280,2.054259e-05,0.999428,0.605804,0.999835,0.957805,2.8276,0.8478
sp_sf_27c_vdd1.80v,sf,27,1.80,2.400000e+09,-0.5750,12.7409,-94.4164,-0.0044,0.935944,4.335539,1.901860e-05,0.999490,0.430649,0.999621,0.935437,1.8153,0.7507
sp_sf_27c_vdd1.80v,sf,27,1.80,2.408350e+09,-0.5757,12.7303,-94.3533,-0.0045,0.935867,4.330260,1.915725e-05,0.999486,0.434569,0.999622,0.935356,1.8152,0.7508
sp_sf_27c_vdd1.80v,sf,27,1.80,2.416700e+09,-0.5764,12.7196,-94.2905,-0.0045,0.935791,4.324961,1.929640e-05,0.999481,0.438481,0.999623,0.935276,1.8152,0.7508
sp_sf_27c_vdd1.80v,sf,27,1.80,2.425050e+09,-0.5771,12.7090,-94.2278,-0.0045,0.935715,4.319642,1.943607e-05,0.999477,0.442386,0.999624,0.935196,1.8151,0.7508
sp_sf_27c_vdd1.80v,sf,27,1.80,2.433400e+09,-0.5778,12.6982,-94.1654,-0.0046,0.935640,4.314305,1.957623e-05,0.999472,0.446283,0.999625,0.935116,1.8150,0.7508
sp_sf_27c_vdd1.80v,sf,27,1.80,2.441750e+09,-0.5785,12.6874,-94.1032,-0.0046,0.935565,4.308949,1.971691e-05,0.999468,0.450174,0.999625,0.935037,1.8149,0.7508
sp_sf_27c_vdd1.80v,sf,27,1.80,2.450100e+09,-0.5792,12.6766,-94.0413,-0.0047,0.935490,4.303575,1.985809e-05,0.999463,0.454056,0.999626,0.934958,1.8149,0.7508
sp_sf_27c_vdd1.80v,sf,27,1.80,2.458450e+09,-0.5799,12.6657,-93.9795,-0.0047,0.935416,4.298184,1.999977e-05,0.999459,0.457932,0.999627,0.934879,1.8148,0.7508
sp_sf_27c_vdd1.80v,sf,27,1.80,2.466800e+09,-0.5806,12.6548,-93.9180,-0.0047,0.935342,4.292776,2.014197e-05,0.999454,0.461799,0.999628,0.934801,1.8147,0.7509
sp_sf_27c_vdd1.80v,sf,27,1.80,2.475150e+09,-0.5813,12.6438,-93.8566,-0.0048,0.935269,4.287352,2.028466e-05,0.999449,0.465660,0.999629,0.934723,1.8147,0.7509
sp_sf_27c_vdd1.80v,sf,27,1.80,2.483500e+09,-0.5820,12.6328,-93.7955,-0.0048,0.935196,4.281912,2.042786e-05,0.999445,0.469513,0.999630,0.934646,1.8146,0.7509
sp_sf_27c_vdd1.98v,sf,27,1.98,2.400000e+09,-0.5718,13.6938,-94.1517,-0.0044,0.936286,4.838254,1.960723e-05,0.999498,0.452221,0.999579,0.935795,1.6741,0.8850
sp_sf_27c_vdd1.98v,sf,27,1.98,2.408350e+09,-0.5720,13.6786,-94.0922,-0.0044,0.936262,4.829824,1.974197e-05,0.999494,0.455718,0.999579,0.935768,1.6741,0.8850
sp_sf_27c_vdd1.98v,sf,27,1.98,2.416700e+09,-0.5723,13.6635,-94.0329,-0.0044,0.936239,4.821396,1.987719e-05,0.999489,0.459206,0.999580,0.935741,1.6741,0.8850
sp_sf_27c_vdd1.98v,sf,27,1.98,2.425050e+09,-0.5725,13.6483,-93.9738,-0.0045,0.936216,4.812971,2.001289e-05,0.999485,0.462684,0.999581,0.935714,1.6740,0.8851
sp_sf_27c_vdd1.98v,sf,27,1.98,2.433400e+09,-0.5727,13.6331,-93.9149,-0.0045,0.936194,4.804549,2.014906e-05,0.999480,0.466152,0.999582,0.935687,1.6740,0.8851
sp_sf_27c_vdd1.98v,sf,27,1.98,2.441750e+09,-0.5729,13.6178,-93.8562,-0.0046,0.936171,4.796131,2.028572e-05,0.999476,0.469610,0.999582,0.935660,1.6740,0.8851
sp_sf_27c_vdd1.98v,sf,27,1.98,2.450100e+09,-0.5731,13.6026,-93.7977,-0.0046,0.936149,4.787716,2.042285e-05,0.999472,0.473059,0.999583,0.935634,1.6740,0.8851
sp_sf_27c_vdd1.98v,sf,27,1.98,2.458450e+09,-0.5733,13.5873,-93.7393,-0.0046,0.936127,4.779305,2.056045e-05,0.999467,0.476497,0.999584,0.935607,1.6739,0.8851
sp_sf_27c_vdd1.98v,sf,27,1.98,2.466800e+09,-0.5735,13.5720,-93.6812,-0.0047,0.936105,4.770899,2.069854e-05,0.999462,0.479926,0.999585,0.935581,1.6739,0.8852
sp_sf_27c_vdd1.98v,sf,27,1.98,2.475150e+09,-0.5737,13.5567,-93.6233,-0.0047,0.936083,4.762498,2.083710e-05,0.999458,0.483346,0.999586,0.935555,1.6739,0.8852
sp_sf_27c_vdd1.98v,sf,27,1.98,2.483500e+09,-0.5739,13.5414,-93.5655,-0.0047,0.936061,4.754102,2.097614e-05,0.999453,0.486755,0.999586,0.935529,1.6739,0.8852
sp_typ_-40c_vdd1.62v,typ,-40,1.62,2.400000e+09,-0.2719,-17.8077,-96.3881,-0.0046,0.969182,0.128711,1.515642e-05,0.999475,15.807274,1.000476,0.968672,9.3594,2.5446
sp_typ_-40c_vdd1.62v,typ,-40,1.62,2.408350e+09,-0.2725,-17.8022,-96.3245,-0.0046,0.969113,0.128793,1.526779e-05,0.999470,15.854974,1.000481,0.968598,9.3625,2.5470
sp_typ_-40c_vdd1.62v,typ,-40,1.62,2.416700e+09,-0.2731,-17.7967,-96.2612,-0.0046,0.969043,0.128873,1.537950e-05,0.999466,15.902752,1.000485,0.968524,9.3656,2.5495
sp_typ_-40c_vdd1.62v,typ,-40,1.62,2.425050e+09,-0.2738,-17.7914,-96.1981,-0.0047,0.968973,0.128953,1.549155e-05,0.999461,15.950608,1.000489,0.968450,9.3687,2.5519
sp_typ_-40c_vdd1.62v,typ,-40,1.62,2.433400e+09,-0.2744,-17.7861,-96.1353,-0.0047,0.968903,0.129031,1.560395e-05,0.999457,15.998541,1.000494,0.968376,9.3718,2.5544
sp_typ_-40c_vdd1.62v,typ,-40,1.62,2.441750e+09,-0.2750,-17.7809,-96.0728,-0.0048,0.968833,0.129108,1.571668e-05,0.999452,16.046551,1.000498,0.968301,9.3749,2.5568
sp_typ_-40c_vdd1.62v,typ,-40,1.62,2.450100e+09,-0.2756,-17.7758,-96.0105,-0.0048,0.968763,0.129184,1.582975e-05,0.999448,16.094638,1.000502,0.968227,9.3780,2.5593
sp_typ_-40c_vdd1.62v,typ,-40,1.62,2.458450e+09,-0.2763,-17.7708,-95.9485,-0.0048,0.968693,0.129259,1.594316e-05,0.999443,16.142801,1.000507,0.968152,9.3811,2.5618
sp_typ_-40c_vdd1.62v,typ,-40,1.62,2.466800e+09,-0.2769,-17.7658,-95.8868,-0.0049,0.968623,0.129333,1.605690e-05,0.999438,16.191041,1.000511,0.968077,9.3842,2.5642
sp_typ_-40c_vdd1.62v,typ,-40,1.62,2.475150e+09,-0.2775,-17.7609,-95.8253,-0.0049,0.968552,0.129406,1.617098e-05,0.999434,16.239357,1.000516,0.968003,9.3873,2.5667
sp_typ_-40c_vdd1.62v,typ,-40,1.62,2.483500e+09,-0.2782,-17.7561,-95.7640,-0.0050,0.968482,0.129477,1.628540e-05,0.999429,16.287748,1.000520,0.967928,9.3904,2.5692
sp_typ_-40c_vdd1.80v,typ,-40,1.80,2.400000e+09,-0.4920,10.7035,-95.8672,-0.0043,0.944931,3.429067,1.609306e-05,0.999510,0.426488,0.999704,0.944438,2.0676,0.7005
sp_typ_-40c_vdd1.80v,typ,-40,1.80,2.408350e+09,-0.4932,10.7002,-95.8025,-0.0043,0.944798,3.427739,1.621350e-05,0.999506,0.431110,0.999705,0.944300,2.0675,0.7005
sp_typ_-40c_vdd1.80v,typ,-40,1.80,2.416700e+09,-0.4944,10.6967,-95.7379,-0.0043,0.944665,3.426379,1.633437e-05,0.999502,0.435732,0.999706,0.944163,2.0674,0.7005
sp_typ_-40c_vdd1.80v,typ,-40,1.80,2.425050e+09,-0.4957,10.6932,-95.6737,-0.0044,0.944532,3.424988,1.645569e-05,0.999497,0.440353,0.999708,0.944026,2.0673,0.7006
sp_typ_-40c_vdd1.80v,typ,-40,1.80,2.433400e+09,-0.4969,10.6896,-95.6096,-0.0044,0.944399,3.423566,1.657745e-05,0.999493,0.444973,0.999709,0.943889,2.0672,0.7006
sp_typ_-40c_vdd1.80v,typ,-40,1.80,2.441750e+09,-0.4981,10.6859,-95.5459,-0.0044,0.944267,3.422114,1.669965e-05,0.999489,0.449592,0.999710,0.943753,2.0671,0.7006
sp_typ_-40c_vdd1.80v,typ,-40,1.80,2.450100e+09,-0.4993,10.6821,-95.4823,-0.0045,0.944135,3.420632,1.682229e-05,0.999484,0.454209,0.999711,0.943616,2.0670,0.7006
sp_typ_-40c_vdd1.80v,typ,-40,1.80,2.458450e+09,-0.5005,10.6783,-95.4190,-0.0045,0.944003,3.419120,1.694536e-05,0.999480,0.458826,0.999712,0.943480,2.0669,0.7006
sp_typ_-40c_vdd1.80v,typ,-40,1.80,2.466800e+09,-0.5017,10.6744,-95.3559,-0.0046,0.943872,3.417578,1.706888e-05,0.999476,0.463441,0.999713,0.943345,2.0668,0.7006
sp_typ_-40c_vdd1.80v,typ,-40,1.80,2.475150e+09,-0.5029,10.6704,-95.2931,-0.0046,0.943741,3.416008,1.719283e-05,0.999471,0.468055,0.999714,0.943210,2.0667,0.7006
sp_typ_-40c_vdd1.80v,typ,-40,1.80,2.483500e+09,-0.5042,10.6663,-95.2304,-0.0046,0.943610,3.414409,1.731723e-05,0.999467,0.472668,0.999715,0.943074,2.0666,0.7007
sp_typ_-40c_vdd1.98v,typ,-40,1.98,2.400000e+09,-0.5108,13.7867,-95.4634,-0.0042,0.942885,4.890311,1.685898e-05,0.999511,0.475177,0.999610,0.942409,1.6589,0.7698
sp_typ_-40c_vdd1.98v,typ,-40,1.98,2.408350e+09,-0.5111,13.7713,-95.4043,-0.0043,0.942854,4.881638,1.697404e-05,0.999507,0.478793,0.999611,0.942373,1.6588,0.7698
sp_typ_-40c_vdd1.98v,typ,-40,1.98,2.416700e+09,-0.5114,13.7559,-95.3454,-0.0043,0.942823,4.872968,1.708950e-05,0.999503,0.482399,0.999612,0.942339,1.6588,0.7698
sp_typ_-40c_vdd1.98v,typ,-40,1.98,2.425050e+09,-0.5117,13.7404,-95.2867,-0.0044,0.942793,4.864302,1.720537e-05,0.999498,0.485995,0.999613,0.942304,1.6588,0.7698
sp_typ_-40c_vdd1.98v,typ,-40,1.98,2.433400e+09,-0.5120,13.7249,-95.2282,-0.0044,0.942762,4.855641,1.732165e-05,0.999494,0.489581,0.999614,0.942269,1.6587,0.7698
sp_typ_-40c_vdd1.98v,typ,-40,1.98,2.441750e+09,-0.5122,13.7094,-95.1699,-0.0044,0.942732,4.846985,1.743833e-05,0.999490,0.493157,0.999615,0.942235,1.6587,0.7698
sp_typ_-40c_vdd1.98v,typ,-40,1.98,2.450100e+09,-0.5125,13.6939,-95.1118,-0.0045,0.942702,4.838335,1.755542e-05,0.999485,0.496723,0.999616,0.942201,1.6586,0.7699
sp_typ_-40c_vdd1.98v,typ,-40,1.98,2.458450e+09,-0.5128,13.6784,-95.0538,-0.0045,0.942673,4.829691,1.767291e-05,0.999481,0.500279,0.999617,0.942167,1.6586,0.7699
sp_typ_-40c_vdd1.98v,typ,-40,1.98,2.466800e+09,-0.5131,13.6628,-94.9961,-0.0045,0.942643,4.821053,1.779080e-05,0.999477,0.503826,0.999618,0.942134,1.6585,0.7699
sp_typ_-40c_vdd1.98v,typ,-40,1.98,2.475150e+09,-0.5133,13.6473,-94.9385,-0.0046,0.942614,4.812421,1.790910e-05,0.999472,0.507363,0.999619,0.942100,1.6585,0.7699
sp_typ_-40c_vdd1.98v,typ,-40,1.98,2.483500e+09,-0.5136,13.6317,-94.8811,-0.0046,0.942585,4.803796,1.802781e-05,0.999468,0.510890,0.999620,0.942067,1.6584,0.7699
sp_typ_125c_vdd1.62v,typ,125,1.62,2.400000e+09,-0.6151,11.4144,-92.4254,-0.0048,0.931631,3.721525,2.391839e-05,0.999449,0.345933,0.999559,0.931072,1.9887,0.7977
sp_typ_125c_vdd1.62v,typ,125,1.62,2.408350e+09,-0.6162,11.4087,-92.3612,-0.0048,0.931511,3.719054,2.409583e-05,0.999444,0.349958,0.999560,0.930948,1.9886,0.7977
sp_typ_125c_vdd1.62v,typ,125,1.62,2.416700e+09,-0.6174,11.4028,-92.2972,-0.0049,0.931392,3.716554,2.427393e-05,0.999439,0.353980,0.999560,0.930824,1.9885,0.7977
sp_typ_125c_vdd1.62v,typ,125,1.62,2.425050e+09,-0.6185,11.3969,-92.2335,-0.0049,0.931273,3.714023,2.445267e-05,0.999434,0.357998,0.999561,0.930700,1.9884,0.7977
sp_typ_125c_vdd1.62v,typ,125,1.62,2.433400e+09,-0.6196,11.3909,-92.1700,-0.0050,0.931154,3.711463,2.463206e-05,0.999429,0.362012,0.999561,0.930577,1.9884,0.7978
sp_typ_125c_vdd1.62v,typ,125,1.62,2.441750e+09,-0.6207,11.3848,-92.1067,-0.0050,0.931036,3.708874,2.481210e-05,0.999424,0.366023,0.999562,0.930453,1.9883,0.7978
sp_typ_125c_vdd1.62v,typ,125,1.62,2.450100e+09,-0.6218,11.3787,-92.0437,-0.0050,0.930918,3.706257,2.499278e-05,0.999419,0.370029,0.999563,0.930331,1.9882,0.7978
sp_typ_125c_vdd1.62v,typ,125,1.62,2.458450e+09,-0.6229,11.3725,-91.9809,-0.0051,0.930800,3.703611,2.517412e-05,0.999414,0.374031,0.999563,0.930209,1.9881,0.7978
sp_typ_125c_vdd1.62v,typ,125,1.62,2.466800e+09,-0.6240,11.3662,-91.9184,-0.0051,0.930683,3.700938,2.535610e-05,0.999409,0.378030,0.999564,0.930087,1.9880,0.7978
sp_typ_125c_vdd1.62v,typ,125,1.62,2.475150e+09,-0.6251,11.3599,-91.8560,-0.0052,0.930566,3.698238,2.553872e-05,0.999405,0.382024,0.999565,0.929965,1.9879,0.7979
sp_typ_125c_vdd1.62v,typ,125,1.62,2.483500e+09,-0.6261,11.3535,-91.7939,-0.0052,0.930450,3.695511,2.572200e-05,0.999400,0.386015,0.999565,0.929844,1.9878,0.7979
sp_typ_125c_vdd1.80v,typ,125,1.80,2.400000e+09,-0.6579,13.0007,-92.4216,-0.0047,0.927054,4.467204,2.392874e-05,0.999461,0.403356,0.999546,0.926520,1.7997,0.8930
sp_typ_125c_vdd1.80v,typ,125,1.80,2.408350e+09,-0.6584,12.9887,-92.3593,-0.0047,0.927006,4.461040,2.410087e-05,0.999457,0.406934,0.999547,0.926467,1.7997,0.8930
sp_typ_125c_vdd1.80v,typ,125,1.80,2.416700e+09,-0.6588,12.9767,-92.2973,-0.0048,0.926958,4.454862,2.427362e-05,0.999452,0.410504,0.999547,0.926414,1.7996,0.8930
sp_typ_125c_vdd1.80v,typ,125,1.80,2.425050e+09,-0.6593,12.9646,-92.2355,-0.0048,0.926910,4.448670,2.444700e-05,0.999447,0.414066,0.999547,0.926362,1.7996,0.8930
sp_typ_125c_vdd1.80v,typ,125,1.80,2.433400e+09,-0.6597,12.9525,-92.1739,-0.0048,0.926862,4.442465,2.462101e-05,0.999442,0.417619,0.999548,0.926310,1.7995,0.8930
sp_typ_125c_vdd1.80v,typ,125,1.80,2.441750e+09,-0.6601,12.9403,-92.1125,-0.0049,0.926815,4.436248,2.479564e-05,0.999437,0.421164,0.999548,0.926258,1.7995,0.8930
sp_typ_125c_vdd1.80v,typ,125,1.80,2.450100e+09,-0.6606,12.9281,-92.0513,-0.0049,0.926768,4.430017,2.497089e-05,0.999433,0.424700,0.999549,0.926206,1.7995,0.8931
sp_typ_125c_vdd1.80v,typ,125,1.80,2.458450e+09,-0.6610,12.9159,-91.9904,-0.0050,0.926721,4.423775,2.514677e-05,0.999428,0.428228,0.999549,0.926155,1.7994,0.8931
sp_typ_125c_vdd1.80v,typ,125,1.80,2.466800e+09,-0.6615,12.9036,-91.9296,-0.0050,0.926674,4.417522,2.532328e-05,0.999423,0.431748,0.999550,0.926104,1.7994,0.8931
sp_typ_125c_vdd1.80v,typ,125,1.80,2.475150e+09,-0.6619,12.8912,-91.8691,-0.0051,0.926628,4.411258,2.550041e-05,0.999418,0.435259,0.999551,0.926053,1.7993,0.8931
sp_typ_125c_vdd1.80v,typ,125,1.80,2.483500e+09,-0.6623,12.8789,-91.8087,-0.0051,0.926582,4.404983,2.567816e-05,0.999413,0.438762,0.999551,0.926003,1.7993,0.8931
sp_typ_125c_vdd1.98v,typ,125,1.98,2.400000e+09,-0.6631,13.4723,-92.3660,-0.0046,0.926503,4.716463,2.408241e-05,0.999475,0.417529,0.999533,0.925987,1.7475,1.0148
sp_typ_125c_vdd1.98v,typ,125,1.98,2.408350e+09,-0.6632,13.4580,-92.3056,-0.0046,0.926490,4.708698,2.425045e-05,0.999470,0.420881,0.999533,0.925969,1.7475,1.0149
sp_typ_125c_vdd1.98v,typ,125,1.98,2.416700e+09,-0.6633,13.4437,-92.2454,-0.0046,0.926477,4.700931,2.441909e-05,0.999465,0.424223,0.999533,0.925952,1.7475,1.0149
sp_typ_125c_vdd1.98v,typ,125,1.98,2.425050e+09,-0.6634,13.4293,-92.1854,-0.0047,0.926464,4.693161,2.458834e-05,0.999461,0.427555,0.999534,0.925935,1.7475,1.0149
sp_typ_125c_vdd1.98v,typ,125,1.98,2.433400e+09,-0.6635,13.4149,-92.1256,-0.0047,0.926451,4.685390,2.475818e-05,0.999456,0.430878,0.999534,0.925918,1.7475,1.0149
sp_typ_125c_vdd1.98v,typ,125,1.98,2.441750e+09,-0.6637,13.4005,-92.0660,-0.0048,0.926438,4.677617,2.492863e-05,0.999451,0.434191,0.999534,0.925901,1.7475,1.0150
sp_typ_125c_vdd1.98v,typ,125,1.98,2.450100e+09,-0.6638,13.3860,-92.0066,-0.0048,0.926426,4.669843,2.509968e-05,0.999447,0.437494,0.999535,0.925884,1.7475,1.0150
sp_typ_125c_vdd1.98v,typ,125,1.98,2.458450e+09,-0.6639,13.3716,-91.9474,-0.0048,0.926413,4.662068,2.527133e-05,0.999442,0.440788,0.999535,0.925867,1.7475,1.0150
sp_typ_125c_vdd1.98v,typ,125,1.98,2.466800e+09,-0.6640,13.3571,-91.8884,-0.0049,0.926401,4.654293,2.544358e-05,0.999437,0.444073,0.999536,0.925850,1.7475,1.0150
sp_typ_125c_vdd1.98v,typ,125,1.98,2.475150e+09,-0.6641,13.3426,-91.8296,-0.0049,0.926389,4.646518,2.561643e-05,0.999432,0.447348,0.999536,0.925833,1.7475,1.0151
sp_typ_125c_vdd1.98v,typ,125,1.98,2.483500e+09,-0.6642,13.3280,-91.7710,-0.0050,0.926376,4.638744,2.578989e-05,0.999427,0.450614,0.999537,0.925817,1.7474,1.0151
sp_typ_27c_vdd1.62v,typ,27,1.62,2.400000e+09,-0.3585,4.3308,-94.3950,-0.0046,0.959571,1.646423,1.906552e-05,0.999474,0.560478,0.999826,0.959041,2.8290,0.8474
sp_typ_27c_vdd1.62v,typ,27,1.62,2.408350e+09,-0.3595,4.3369,-94.3291,-0.0046,0.959453,1.647575,1.921084e-05,0.999469,0.564974,0.999827,0.958919,2.8289,0.8474
sp_typ_27c_vdd1.62v,typ,27,1.62,2.416700e+09,-0.3606,4.3429,-94.2634,-0.0047,0.959335,1.648712,1.935670e-05,0.999465,0.569479,0.999828,0.958796,2.8287,0.8475
sp_typ_27c_vdd1.62v,typ,27,1.62,2.425050e+09,-0.3617,4.3488,-94.1979,-0.0047,0.959217,1.649834,1.950308e-05,0.999460,0.573992,0.999828,0.958673,2.8286,0.8475
sp_typ_27c_vdd1.62v,typ,27,1.62,2.433400e+09,-0.3627,4.3546,-94.1328,-0.0047,0.959098,1.650941,1.964999e-05,0.999456,0.578512,0.999829,0.958550,2.8285,0.8475
sp_typ_27c_vdd1.62v,typ,27,1.62,2.441750e+09,-0.3638,4.3604,-94.0678,-0.0048,0.958979,1.652033,1.979744e-05,0.999451,0.583041,0.999830,0.958426,2.8283,0.8476
sp_typ_27c_vdd1.62v,typ,27,1.62,2.450100e+09,-0.3649,4.3660,-94.0031,-0.0048,0.958860,1.653111,1.994541e-05,0.999446,0.587578,0.999831,0.958302,2.8282,0.8476
sp_typ_27c_vdd1.62v,typ,27,1.62,2.458450e+09,-0.3660,4.3716,-93.9387,-0.0049,0.958740,1.654175,2.009391e-05,0.999442,0.592123,0.999832,0.958178,2.8280,0.8477
sp_typ_27c_vdd1.62v,typ,27,1.62,2.466800e+09,-0.3671,4.3771,-93.8745,-0.0049,0.958620,1.655224,2.024294e-05,0.999437,0.596675,0.999833,0.958054,2.8279,0.8477
sp_typ_27c_vdd1.62v,typ,27,1.62,2.475150e+09,-0.3682,4.3826,-93.8106,-0.0049,0.958500,1.656259,2.039250e-05,0.999432,0.601236,0.999834,0.957930,2.8278,0.8477
sp_typ_27c_vdd1.62v,typ,27,1.62,2.483500e+09,-0.3692,4.3879,-93.7469,-0.0050,0.958380,1.657280,2.054259e-05,0.999428,0.605804,0.999835,0.957805,2.8276,0.8478
sp_typ_27c_vdd1.80v,typ,27,1.80,2.400000e+09,-0.5750,12.7409,-94.4164,-0.0044,0.935944,4.335539,1.901860e-05,0.999490,0.430649,0.999621,0.935437,1.8153,0.7507
sp_typ_27c_vdd1.80v,typ,27,1.80,2.408350e+09,-0.5757,12.7303,-94.3533,-0.0045,0.935867,4.330260,1.915725e-05,0.999486,0.434569,0.999622,0.935356,1.8152,0.7508
sp_typ_27c_vdd1.80v,typ,27,1.80,2.416700e+09,-0.5764,12.7196,-94.2905,-0.0045,0.935791,4.324961,1.929640e-05,0.999481,0.438481,0.999623,0.935276,1.8152,0.7508
sp_typ_27c_vdd1.80v,typ,27,1.80,2.425050e+09,-0.5771,12.7090,-94.2278,-0.0045,0.935715,4.319642,1.943607e-05,0.999477,0.442386,0.999624,0.935196,1.8151,0.7508
sp_typ_27c_vdd1.80v,typ,27,1.80,2.433400e+09,-0.5778,12.6982,-94.1654,-0.0046,0.935640,4.314305,1.957623e-05,0.999472,0.446283,0.999625,0.935116,1.8150,0.7508
sp_typ_27c_vdd1.80v,typ,27,1.80,2.441750e+09,-0.5785,12.6874,-94.1032,-0.0046,0.935565,4.308949,1.971691e-05,0.999468,0.450174,0.999625,0.935037,1.8149,0.7508
sp_typ_27c_vdd1.80v,typ,27,1.80,2.450100e+09,-0.5792,12.6766,-94.0413,-0.0047,0.935490,4.303575,1.985809e-05,0.999463,0.454056,0.999626,0.934958,1.8149,0.7508
sp_typ_27c_vdd1.80v,typ,27,1.80,2.458450e+09,-0.5799,12.6657,-93.9795,-0.0047,0.935416,4.298184,1.999977e-05,0.999459,0.457932,0.999627,0.934879,1.8148,0.7508
sp_typ_27c_vdd1.80v,typ,27,1.80,2.466800e+09,-0.5806,12.6548,-93.9180,-0.0047,0.935342,4.292776,2.014197e-05,0.999454,0.461799,0.999628,0.934801,1.8147,0.7509
sp_typ_27c_vdd1.80v,typ,27,1.80,2.475150e+09,-0.5813,12.6438,-93.8566,-0.0048,0.935269,4.287352,2.028466e-05,0.999449,0.465660,0.999629,0.934723,1.8147,0.7509
sp_typ_27c_vdd1.80v,typ,27,1.80,2.483500e+09,-0.5820,12.6328,-93.7955,-0.0048,0.935196,4.281912,2.042786e-05,0.999445,0.469513,0.999630,0.934646,1.8146,0.7509
sp_typ_27c_vdd1.98v,typ,27,1.98,2.400000e+09,-0.5718,13.6938,-94.1517,-0.0044,0.936286,4.838254,1.960723e-05,0.999498,0.452221,0.999579,0.935795,1.6741,0.8850
sp_typ_27c_vdd1.98v,typ,27,1.98,2.408350e+09,-0.5720,13.6786,-94.0922,-0.0044,0.936262,4.829824,1.974197e-05,0.999494,0.455718,0.999579,0.935768,1.6741,0.8850
sp_typ_27c_vdd1.98v,typ,27,1.98,2.416700e+09,-0.5723,13.6635,-94.0329,-0.0044,0.936239,4.821396,1.987719e-05,0.999489,0.459206,0.999580,0.935741,1.6741,0.8850
sp_typ_27c_vdd1.98v,typ,27,1.98,2.425050e+09,-0.5725,13.6483,-93.9738,-0.0045,0.936216,4.812971,2.001289e-05,0.999485,0.462684,0.999581,0.935714,1.6740,0.8851
sp_typ_27c_vdd1.98v,typ,27,1.98,2.433400e+09,-0.5727,13.6331,-93.9149,-0.0045,0.936194,4.804549,2.014906e-05,0.999480,0.466152,0.999582,0.935687,1.6740,0.8851
sp_typ_27c_vdd1.98v,typ,27,1.98,2.441750e+09,-0.5729,13.6178,-93.8562,-0.0046,0.936171,4.796131,2.028572e-05,0.999476,0.469610,0.999582,0.935660,1.6740,0.8851
sp_typ_27c_vdd1.98v,typ,27,1.98,2.450100e+09,-0.5731,13.6026,-93.7977,-0.0046,0.936149,4.787716,2.042285e-05,0.999472,0.473059,0.999583,0.935634,1.6740,0.8851
sp_typ_27c_vdd1.98v,typ,27,1.98,2.458450e+09,-0.5733,13.5873,-93.7393,-0.0046,0.936127,4.779305,2.056045e-05,0.999467,0.476497,0.999584,0.935607,1.6739,0.8851
sp_typ_27c_vdd1.98v,typ,27,1.98,2.466800e+09,-0.5735,13.5720,-93.6812,-0.0047,0.936105,4.770899,2.069854e-05,0.999462,0.479926,0.999585,0.935581,1.6739,0.8852
sp_typ_27c_vdd1.98v,typ,27,1.98,2.475150e+09,-0.5737,13.5567,-93.6233,-0.0047,0.936083,4.762498,2.083710e-05,0.999458,0.483346,0.999586,0.935555,1.6739,0.8852
sp_typ_27c_vdd1.98v,typ,27,1.98,2.483500e+09,-0.5739,13.5414,-93.5655,-0.0047,0.936061,4.754102,2.097614e-05,0.999453,0.486755,0.999586,0.935529,1.6739,0.8852
sp_wcs_-40c_vdd1.62v,wcs,-40,1.62,2.400000e+09,-0.3059,-21.0607,-94.2552,-0.0057,0.965394,0.088504,1.937488e-05,0.999346,25.637982,1.000622,0.964762,11.1013,3.3092
sp_wcs_-40c_vdd1.62v,wcs,-40,1.62,2.408350e+09,-0.3066,-21.0585,-94.1935,-0.0057,0.965315,0.088527,1.951314e-05,0.999340,25.729595,1.000627,0.964677,11.1076,3.3141
sp_wcs_-40c_vdd1.62v,wcs,-40,1.62,2.416700e+09,-0.3073,-21.0563,-94.1320,-0.0058,0.965236,0.088550,1.965176e-05,0.999334,25.821335,1.000633,0.964593,11.1139,3.3190
sp_wcs_-40c_vdd1.62v,wcs,-40,1.62,2.425050e+09,-0.3080,-21.0542,-94.0708,-0.0058,0.965157,0.088571,1.979075e-05,0.999329,25.913201,1.000638,0.964508,11.1202,3.3240
sp_wcs_-40c_vdd1.62v,wcs,-40,1.62,2.433400e+09,-0.3088,-21.0521,-94.0098,-0.0059,0.965078,0.088592,1.993011e-05,0.999323,26.005192,1.000644,0.964424,11.1265,3.3289
sp_wcs_-40c_vdd1.62v,wcs,-40,1.62,2.441750e+09,-0.3095,-21.0502,-93.9491,-0.0059,0.964998,0.088612,2.006984e-05,0.999317,26.097307,1.000650,0.964339,11.1328,3.3339
sp_wcs_-40c_vdd1.62v,wcs,-40,1.62,2.450100e+09,-0.3102,-21.0483,-93.8887,-0.0060,0.964919,0.088631,2.020993e-05,0.999311,26.189544,1.000655,0.964254,11.1392,3.3388
sp_wcs_-40c_vdd1.62v,wcs,-40,1.62,2.458450e+09,-0.3109,-21.0465,-93.8285,-0.0060,0.964840,0.088649,2.035039e-05,0.999306,26.281903,1.000661,0.964170,11.1455,3.3438
sp_wcs_-40c_vdd1.62v,wcs,-40,1.62,2.466800e+09,-0.3116,-21.0448,-93.7687,-0.0061,0.964761,0.088667,2.049120e-05,0.999300,26.374383,1.000667,0.964085,11.1518,3.3487
sp_wcs_-40c_vdd1.62v,wcs,-40,1.62,2.475150e+09,-0.3123,-21.0431,-93.7090,-0.0061,0.964682,0.088683,2.063238e-05,0.999294,26.466982,1.000672,0.964000,11.1582,3.3537
sp_wcs_-40c_vdd1.62v,wcs,-40,1.62,2.483500e+09,-0.3130,-21.0416,-93.6496,-0.0062,0.964603,0.088699,2.077392e-05,0.999288,26.559699,1.000678,0.963915,11.1645,3.3587
sp_wcs_-40c_vdd1.80v,wcs,-40,1.80,2.400000e+09,-0.4910,8.9163,-93.2466,-0.0052,0.945042,2.791343,2.176043e-05,0.999397,0.413855,0.999667,0.944431,2.5368,0.8136
sp_wcs_-40c_vdd1.80v,wcs,-40,1.80,2.408350e+09,-0.4924,8.9169,-93.1807,-0.0053,0.944884,2.791533,2.192633e-05,0.999392,0.418602,0.999668,0.944268,2.5366,0.8137
sp_wcs_-40c_vdd1.80v,wcs,-40,1.80,2.416700e+09,-0.4939,8.9174,-93.1150,-0.0053,0.944727,2.791696,2.209283e-05,0.999387,0.423352,0.999669,0.944105,2.5365,0.8137
sp_wcs_-40c_vdd1.80v,wcs,-40,1.80,2.425050e+09,-0.4953,8.9178,-93.0495,-0.0054,0.944569,2.791830,2.225994e-05,0.999382,0.428105,0.999670,0.943942,2.5364,0.8137
sp_wcs_-40c_vdd1.80v,wcs,-40,1.80,2.433400e+09,-0.4968,8.9181,-92.9843,-0.0054,0.944411,2.791937,2.242766e-05,0.999376,0.432861,0.999671,0.943780,2.5363,0.8138
sp_wcs_-40c_vdd1.80v,wcs,-40,1.80,2.441750e+09,-0.4982,8.9184,-92.9194,-0.0055,0.944254,2.792017,2.259598e-05,0.999371,0.437619,0.999673,0.943617,2.5361,0.8138
sp_wcs_-40c_vdd1.80v,wcs,-40,1.80,2.450100e+09,-0.4997,8.9185,-92.8547,-0.0055,0.944096,2.792070,2.276490e-05,0.999366,0.442381,0.999674,0.943454,2.5360,0.8138
sp_wcs_-40c_vdd1.80v,wcs,-40,1.80,2.458450e+09,-0.5011,8.9186,-92.7902,-0.0056,0.943939,2.792096,2.293443e-05,0.999360,0.447146,0.999675,0.943291,2.5359,0.8139
sp_wcs_-40c_vdd1.80v,wcs,-40,1.80,2.466800e+09,-0.5026,8.9186,-92.7260,-0.0056,0.943781,2.792096,2.310457e-05,0.999355,0.451913,0.999676,0.943129,2.5358,0.8139
sp_wcs_-40c_vdd1.80v,wcs,-40,1.80,2.475150e+09,-0.5040,8.9185,-92.6621,-0.0056,0.943624,2.792070,2.327531e-05,0.999350,0.456683,0.999678,0.942966,2.5356,0.8140
sp_wcs_-40c_vdd1.80v,wcs,-40,1.80,2.483500e+09,-0.5055,8.9184,-92.5984,-0.0057,0.943467,2.792017,2.344665e-05,0.999344,0.461455,0.999679,0.942804,2.5355,0.8140
sp_wcs_-40c_vdd1.98v,wcs,-40,1.98,2.400000e+09,-0.5742,13.1920,-93.2191,-0.0052,0.936032,4.566655,2.182951e-05,0.999402,0.443823,0.999552,0.935440,2.0711,0.9048
sp_wcs_-40c_vdd1.98v,wcs,-40,1.98,2.408350e+09,-0.5747,13.1794,-93.1563,-0.0052,0.935975,4.560034,2.198789e-05,0.999397,0.447605,0.999553,0.935379,2.0710,0.9048
sp_wcs_-40c_vdd1.98v,wcs,-40,1.98,2.416700e+09,-0.5752,13.1667,-93.0938,-0.0053,0.935920,4.553401,2.214686e-05,0.999392,0.451379,0.999554,0.935319,2.0709,0.9048
sp_wcs_-40c_vdd1.98v,wcs,-40,1.98,2.425050e+09,-0.5757,13.1540,-93.0314,-0.0053,0.935864,4.546757,2.230640e-05,0.999387,0.455144,0.999555,0.935258,2.0709,0.9048
sp_wcs_-40c_vdd1.98v,wcs,-40,1.98,2.433400e+09,-0.5763,13.1413,-92.9693,-0.0054,0.935809,4.540102,2.246653e-05,0.999381,0.458900,0.999556,0.935198,2.0708,0.9049
sp_wcs_-40c_vdd1.98v,wcs,-40,1.98,2.441750e+09,-0.5768,13.1286,-92.9074,-0.0054,0.935755,4.533437,2.262723e-05,0.999376,0.462647,0.999557,0.935139,2.0708,0.9049
sp_wcs_-40c_vdd1.98v,wcs,-40,1.98,2.450100e+09,-0.5773,13.1158,-92.8457,-0.0055,0.935700,4.526763,2.278851e-05,0.999371,0.466385,0.999558,0.935079,2.0707,0.9049
sp_wcs_-40c_vdd1.98v,wcs,-40,1.98,2.458450e+09,-0.5778,13.1029,-92.7842,-0.0055,0.935647,4.520079,2.295037e-05,0.999365,0.470114,0.999559,0.935020,2.0706,0.9049
sp_wcs_-40c_vdd1.98v,wcs,-40,1.98,2.466800e+09,-0.5783,13.0900,-92.7229,-0.0056,0.935593,4.513386,2.311280e-05,0.999360,0.473835,0.999560,0.934962,2.0706,0.9049
sp_wcs_-40c_vdd1.98v,wcs,-40,1.98,2.475150e+09,-0.5788,13.0771,-92.6619,-0.0056,0.935540,4.506685,2.327582e-05,0.999355,0.477547,0.999561,0.934904,2.0705,0.9050
sp_wcs_-40c_vdd1.98v,wcs,-40,1.98,2.483500e+09,-0.5792,13.0642,-92.6011,-0.0057,0.935487,4.499976,2.343941e-05,0.999349,0.481250,0.999562,0.934846,2.0705,0.9050
sp_wcs_125c_vdd1.62v,wcs,125,1.62,2.400000e+09,-0.6375,9.6059,-89.8718,-0.0059,0.929233,3.022012,3.209290e-05,0.999323,0.345971,0.999535,0.928540,2.4246,0.9316
sp_wcs_125c_vdd1.62v,wcs,125,1.62,2.408350e+09,-0.6390,9.6049,-89.8061,-0.0059,0.929077,3.021639,3.233667e-05,0.999317,0.350058,0.999536,0.928379,2.4245,0.9316
sp_wcs_125c_vdd1.62v,wcs,125,1.62,2.416700e+09,-0.6404,9.6037,-89.7406,-0.0060,0.928922,3.021237,3.258133e-05,0.999311,0.354146,0.999536,0.928218,2.4244,0.9317
sp_wcs_125c_vdd1.62v,wcs,125,1.62,2.425050e+09,-0.6419,9.6025,-89.6754,-0.0060,0.928767,3.020805,3.282688e-05,0.999305,0.358235,0.999537,0.928057,2.4242,0.9317
sp_wcs_125c_vdd1.62v,wcs,125,1.62,2.433400e+09,-0.6433,9.6011,-89.6104,-0.0061,0.928612,3.020344,3.307332e-05,0.999299,0.362324,0.999537,0.927896,2.4241,0.9317
sp_wcs_125c_vdd1.62v,wcs,125,1.62,2.441750e+09,-0.6448,9.5997,-89.5457,-0.0061,0.928457,3.019854,3.332065e-05,0.999293,0.366413,0.999538,0.927736,2.4240,0.9318
sp_wcs_125c_vdd1.62v,wcs,125,1.62,2.450100e+09,-0.6462,9.5982,-89.4813,-0.0062,0.928302,3.019336,3.356886e-05,0.999287,0.370502,0.999538,0.927575,2.4239,0.9318
sp_wcs_125c_vdd1.62v,wcs,125,1.62,2.458450e+09,-0.6477,9.5967,-89.4170,-0.0062,0.928148,3.018789,3.381797e-05,0.999281,0.374592,0.999539,0.927415,2.4238,0.9319
sp_wcs_125c_vdd1.62v,wcs,125,1.62,2.466800e+09,-0.6491,9.5950,-89.3531,-0.0063,0.927993,3.018214,3.406797e-05,0.999275,0.378682,0.999540,0.927255,2.4237,0.9319
sp_wcs_125c_vdd1.62v,wcs,125,1.62,2.475150e+09,-0.6505,9.5933,-89.2893,-0.0063,0.927839,3.017612,3.431886e-05,0.999269,0.382771,0.999540,0.927095,2.4236,0.9319
sp_wcs_125c_vdd1.62v,wcs,125,1.62,2.483500e+09,-0.6520,9.5915,-89.2259,-0.0064,0.927685,3.016983,3.457063e-05,0.999263,0.386861,0.999541,0.926935,2.4235,0.9320
sp_wcs_125c_vdd1.80v,wcs,125,1.80,2.400000e+09,-0.7400,11.8992,-90.0591,-0.0057,0.918331,3.935148,3.140840e-05,0.999343,0.391860,0.999520,0.917669,2.1941,1.0360
sp_wcs_125c_vdd1.80v,wcs,125,1.80,2.408350e+09,-0.7408,11.8915,-89.9943,-0.0058,0.918244,3.931643,3.164352e-05,0.999338,0.395604,0.999520,0.917576,2.1940,1.0361
sp_wcs_125c_vdd1.80v,wcs,125,1.80,2.416700e+09,-0.7417,11.8837,-89.9298,-0.0058,0.918158,3.928110,3.187952e-05,0.999332,0.399341,0.999521,0.917484,2.1940,1.0361
sp_wcs_125c_vdd1.80v,wcs,125,1.80,2.425050e+09,-0.7425,11.8758,-89.8655,-0.0059,0.918071,3.924550,3.211638e-05,0.999326,0.403073,0.999521,0.917392,2.1939,1.0361
sp_wcs_125c_vdd1.80v,wcs,125,1.80,2.433400e+09,-0.7433,11.8679,-89.8014,-0.0059,0.917985,3.920965,3.235411e-05,0.999320,0.406800,0.999522,0.917301,2.1938,1.0361
sp_wcs_125c_vdd1.80v,wcs,125,1.80,2.441750e+09,-0.7441,11.8599,-89.7376,-0.0060,0.917900,3.917353,3.259271e-05,0.999314,0.410520,0.999522,0.917210,2.1938,1.0362
sp_wcs_125c_vdd1.80v,wcs,125,1.80,2.450100e+09,-0.7449,11.8518,-89.6740,-0.0060,0.917814,3.913716,3.283218e-05,0.999308,0.414235,0.999522,0.917119,2.1937,1.0362
sp_wcs_125c_vdd1.80v,wcs,125,1.80,2.458450e+09,-0.7457,11.8437,-89.6107,-0.0061,0.917729,3.910055,3.307252e-05,0.999303,0.417945,0.999523,0.917028,2.1936,1.0362
sp_wcs_125c_vdd1.80v,wcs,125,1.80,2.466800e+09,-0.7465,11.8355,-89.5475,-0.0061,0.917645,3.906369,3.331372e-05,0.999297,0.421648,0.999523,0.916938,2.1936,1.0362
sp_wcs_125c_vdd1.80v,wcs,125,1.80,2.475150e+09,-0.7473,11.8272,-89.4846,-0.0062,0.917561,3.902659,3.355580e-05,0.999291,0.425346,0.999524,0.916848,2.1935,1.0363
sp_wcs_125c_vdd1.80v,wcs,125,1.80,2.483500e+09,-0.7481,11.8189,-89.4220,-0.0062,0.917477,3.898926,3.379873e-05,0.999285,0.429038,0.999524,0.916759,2.1934,1.0363
sp_wcs_125c_vdd1.98v,wcs,125,1.98,2.400000e+09,-0.7676,12.6694,-90.1801,-0.0056,0.915415,4.300001,3.097390e-05,0.999359,0.422687,0.999525,0.914777,2.1273,1.1693
sp_wcs_125c_vdd1.98v,wcs,125,1.98,2.408350e+09,-0.7680,12.6585,-90.1163,-0.0056,0.915379,4.294634,3.120225e-05,0.999354,0.426154,0.999526,0.914735,2.1272,1.1693
sp_wcs_125c_vdd1.98v,wcs,125,1.98,2.416700e+09,-0.7683,12.6476,-90.0527,-0.0057,0.915343,4.289248,3.143144e-05,0.999348,0.429613,0.999526,0.914694,2.1272,1.1693
sp_wcs_125c_vdd1.98v,wcs,125,1.98,2.425050e+09,-0.7687,12.6367,-89.9894,-0.0057,0.915307,4.283843,3.166148e-05,0.999342,0.433065,0.999526,0.914653,2.1272,1.1694
sp_wcs_125c_vdd1.98v,wcs,125,1.98,2.433400e+09,-0.7690,12.6257,-89.9263,-0.0058,0.915272,4.278421,3.189235e-05,0.999337,0.436509,0.999526,0.914612,2.1272,1.1694
sp_wcs_125c_vdd1.98v,wcs,125,1.98,2.441750e+09,-0.7693,12.6146,-89.8634,-0.0058,0.915237,4.272982,3.212407e-05,0.999331,0.439945,0.999526,0.914572,2.1271,1.1694
sp_wcs_125c_vdd1.98v,wcs,125,1.98,2.450100e+09,-0.7697,12.6035,-89.8007,-0.0059,0.915202,4.267526,3.235664e-05,0.999325,0.443373,0.999527,0.914531,2.1271,1.1694
sp_wcs_125c_vdd1.98v,wcs,125,1.98,2.458450e+09,-0.7700,12.5924,-89.7383,-0.0059,0.915167,4.262054,3.259004e-05,0.999319,0.446794,0.999527,0.914491,2.1271,1.1695
sp_wcs_125c_vdd1.98v,wcs,125,1.98,2.466800e+09,-0.7703,12.5812,-89.6761,-0.0060,0.915132,4.256567,3.282428e-05,0.999314,0.450206,0.999527,0.914451,2.1271,1.1695
sp_wcs_125c_vdd1.98v,wcs,125,1.98,2.475150e+09,-0.7706,12.5700,-89.6141,-0.0060,0.915098,4.251064,3.305937e-05,0.999308,0.453611,0.999528,0.914411,2.1270,1.1695
sp_wcs_125c_vdd1.98v,wcs,125,1.98,2.483500e+09,-0.7710,12.5587,-89.5523,-0.0061,0.915064,4.245547,3.329530e-05,0.999302,0.457009,0.999528,0.914371,2.1270,1.1696
sp_wcs_27c_vdd1.62v,wcs,27,1.62,2.400000e+09,-0.3457,1.7393,-91.7277,-0.0057,0.960985,1.221695,2.591880e-05,0.999347,0.763049,0.999902,0.960330,3.4432,0.9897
sp_wcs_27c_vdd1.62v,wcs,27,1.62,2.408350e+09,-0.3467,1.7466,-91.6609,-0.0057,0.960875,1.222728,2.611898e-05,0.999341,0.767669,0.999903,0.960215,3.4430,0.9898
sp_wcs_27c_vdd1.62v,wcs,27,1.62,2.416700e+09,-0.3477,1.7539,-91.5943,-0.0058,0.960766,1.223751,2.631989e-05,0.999336,0.772299,0.999905,0.960100,3.4429,0.9899
sp_wcs_27c_vdd1.62v,wcs,27,1.62,2.425050e+09,-0.3486,1.7610,-91.5280,-0.0058,0.960656,1.224763,2.652154e-05,0.999330,0.776939,0.999906,0.959985,3.4427,0.9900
sp_wcs_27c_vdd1.62v,wcs,27,1.62,2.433400e+09,-0.3496,1.7681,-91.4620,-0.0059,0.960546,1.225765,2.672392e-05,0.999324,0.781587,0.999907,0.959869,3.4426,0.9901
sp_wcs_27c_vdd1.62v,wcs,27,1.62,2.441750e+09,-0.3506,1.7752,-91.3962,-0.0059,0.960435,1.226757,2.692704e-05,0.999319,0.786245,0.999909,0.959753,3.4424,0.9902
sp_wcs_27c_vdd1.62v,wcs,27,1.62,2.450100e+09,-0.3516,1.7821,-91.3307,-0.0060,0.960324,1.227738,2.713089e-05,0.999313,0.790912,0.999910,0.959636,3.4423,0.9903
sp_wcs_27c_vdd1.62v,wcs,27,1.62,2.458450e+09,-0.3526,1.7890,-91.2655,-0.0060,0.960213,1.228710,2.733547e-05,0.999307,0.795588,0.999912,0.959520,3.4421,0.9904
sp_wcs_27c_vdd1.62v,wcs,27,1.62,2.466800e+09,-0.3537,1.7958,-91.2005,-0.0061,0.960102,1.229671,2.754078e-05,0.999302,0.800273,0.999913,0.959403,3.4420,0.9905
sp_wcs_27c_vdd1.62v,wcs,27,1.62,2.475150e+09,-0.3547,1.8025,-91.1357,-0.0061,0.959990,1.230623,2.774682e-05,0.999296,0.804967,0.999915,0.959285,3.4418,0.9906
sp_wcs_27c_vdd1.62v,wcs,27,1.62,2.483500e+09,-0.3557,1.8091,-91.0712,-0.0062,0.959878,1.231565,2.795359e-05,0.999290,0.809670,0.999917,0.959168,3.4417,0.9907
sp_wcs_27c_vdd1.80v,wcs,27,1.80,2.400000e+09,-0.6249,11.5342,-91.9205,-0.0054,0.930580,3.773219,2.534993e-05,0.999377,0.393490,0.999567,0.929951,2.2285,0.8771
sp_wcs_27c_vdd1.80v,wcs,27,1.80,2.408350e+09,-0.6260,11.5280,-91.8553,-0.0055,0.930461,3.770529,2.554070e-05,0.999372,0.397641,0.999568,0.929827,2.2284,0.8771
sp_wcs_27c_vdd1.80v,wcs,27,1.80,2.416700e+09,-0.6271,11.5218,-91.7905,-0.0055,0.930342,3.767809,2.573217e-05,0.999366,0.401789,0.999569,0.929703,2.2283,0.8772
sp_wcs_27c_vdd1.80v,wcs,27,1.80,2.425050e+09,-0.6283,11.5154,-91.7258,-0.0056,0.930224,3.765060,2.592435e-05,0.999361,0.405932,0.999569,0.929579,2.2282,0.8772
sp_wcs_27c_vdd1.80v,wcs,27,1.80,2.433400e+09,-0.6294,11.5090,-91.6615,-0.0056,0.930106,3.762282,2.611722e-05,0.999355,0.410071,0.999570,0.929456,2.2282,0.8772
sp_wcs_27c_vdd1.80v,wcs,27,1.80,2.441750e+09,-0.6305,11.5025,-91.5973,-0.0056,0.929988,3.759475,2.631080e-05,0.999350,0.414206,0.999571,0.929333,2.2281,0.8772
sp_wcs_27c_vdd1.80v,wcs,27,1.80,2.450100e+09,-0.6315,11.4960,-91.5334,-0.0057,0.929871,3.756641,2.650509e-05,0.999344,0.418336,0.999572,0.929211,2.2280,0.8773
sp_wcs_27c_vdd1.80v,wcs,27,1.80,2.458450e+09,-0.6326,11.4894,-91.4698,-0.0057,0.929754,3.753779,2.670007e-05,0.999339,0.422462,0.999573,0.929089,2.2279,0.8773
sp_wcs_27c_vdd1.80v,wcs,27,1.80,2.466800e+09,-0.6337,11.4827,-91.4063,-0.0058,0.929638,3.750890,2.689576e-05,0.999333,0.426584,0.999574,0.928967,2.2278,0.8773
sp_wcs_27c_vdd1.80v,wcs,27,1.80,2.475150e+09,-0.6348,11.4759,-91.3431,-0.0058,0.929522,3.747974,2.709215e-05,0.999328,0.430702,0.999575,0.928846,2.2277,0.8773
sp_wcs_27c_vdd1.80v,wcs,27,1.80,2.483500e+09,-0.6359,11.4691,-91.2802,-0.0059,0.929406,3.745032,2.728924e-05,0.999322,0.434815,0.999576,0.928725,2.2276,0.8774
sp_wcs_27c_vdd1.98v,wcs,27,1.98,2.400000e+09,-0.6530,13.0271,-91.9353,-0.0053,0.927575,4.480809,2.530655e-05,0.999387,0.437521,0.999543,0.926967,2.0666,1.0304
sp_wcs_27c_vdd1.98v,wcs,27,1.98,2.408350e+09,-0.6535,13.0150,-91.8722,-0.0054,0.927528,4.474575,2.549127e-05,0.999381,0.441163,0.999544,0.926915,2.0665,1.0304
sp_wcs_27c_vdd1.98v,wcs,27,1.98,2.416700e+09,-0.6539,13.0029,-91.8092,-0.0054,0.927482,4.468328,2.567666e-05,0.999376,0.444797,0.999544,0.926864,2.0665,1.0305
sp_wcs_27c_vdd1.98v,wcs,27,1.98,2.425050e+09,-0.6543,12.9907,-91.7465,-0.0055,0.927436,4.462067,2.586273e-05,0.999370,0.448422,0.999545,0.926813,2.0664,1.0305
sp_wcs_27c_vdd1.98v,wcs,27,1.98,2.433400e+09,-0.6548,12.9785,-91.6840,-0.0055,0.927390,4.455793,2.604947e-05,0.999365,0.452039,0.999545,0.926762,2.0664,1.0305
sp_wcs_27c_vdd1.98v,wcs,27,1.98,2.441750e+09,-0.6552,12.9662,-91.6218,-0.0056,0.927344,4.449507,2.623690e-05,0.999360,0.455647,0.999546,0.926711,2.0664,1.0305
sp_wcs_27c_vdd1.98v,wcs,27,1.98,2.450100e+09,-0.6556,12.9539,-91.5597,-0.0056,0.927299,4.443209,2.642500e-05,0.999354,0.459246,0.999547,0.926661,2.0663,1.0306
sp_wcs_27c_vdd1.98v,wcs,27,1.98,2.458450e+09,-0.6560,12.9416,-91.4979,-0.0057,0.927254,4.436900,2.661378e-05,0.999349,0.462837,0.999548,0.926611,2.0663,1.0306
sp_wcs_27c_vdd1.98v,wcs,27,1.98,2.466800e+09,-0.6564,12.9292,-91.4363,-0.0057,0.927210,4.430579,2.680323e-05,0.999343,0.466420,0.999548,0.926561,2.0662,1.0306
sp_wcs_27c_vdd1.98v,wcs,27,1.98,2.475150e+09,-0.6569,12.9168,-91.3749,-0.0058,0.927165,4.424248,2.699336e-05,0.999338,0.469994,0.999549,0.926511,2.0662,1.0306
sp_wcs_27c_vdd1.98v,wcs,27,1.98,2.483500e+09,-0.6573,12.9043,-91.3137,-0.0058,0.927121,4.417908,2.718417e-05,0.999332,0.473560,0.999550,0.926462,2.0661,1.0306
