point_id,corner_label,temp_c,vdd_v,nfmin_sp_db_committed,nfmin290_db_derived,nfmin_reref_delta_db,nf290_db_committed,s21_db_committed_min,s11_db_committed_worst,s22_db_committed_worst,gain_in_match_only_db,ga_max_ideal_db,ga_max_q3_db,ga_max_q5_db,ga_max_q8_db,ga_max_q10_db,ga_max_q15_db,ga_max_q20_db,ga_max_q30_db,ga_max_q50_db
sp_bcs_-40c_vdd1.62v,bcs,-40,1.62,2.0823,1.7453,-0.3370,1.8522,12.1454,-2.9695,-0.0036,15.1918,45.6925,17.3293,19.5436,21.5785,22.5434,24.2938,25.5327,27.2727,29.4497
sp_bcs_-40c_vdd1.80v,bcs,-40,1.80,2.0787,1.7422,-0.3365,1.8478,12.1807,-2.9650,-0.0034,15.2320,45.8714,17.3699,19.5843,21.6194,22.5844,24.3352,25.5744,27.3151,29.4934
sp_bcs_-40c_vdd1.98v,bcs,-40,1.98,2.0749,1.7389,-0.3360,1.8432,12.2159,-2.9616,-0.0033,15.2708,46.0366,17.4091,19.6236,21.6589,22.6241,24.3751,25.6146,27.3559,29.5353
sp_bcs_125c_vdd1.62v,bcs,125,1.62,2.2469,2.8563,+0.6094,3.0549,11.0723,-3.0471,-0.0038,14.0376,44.2210,16.1720,18.3860,20.4204,21.3850,23.1346,24.3728,26.1112,28.2852
sp_bcs_125c_vdd1.80v,bcs,125,1.80,2.2437,2.8524,+0.6087,3.0492,11.1226,-3.0434,-0.0037,14.0918,44.4543,16.2269,18.4411,20.4758,21.4405,23.1906,24.4292,26.1686,28.3443
sp_bcs_125c_vdd1.98v,bcs,125,1.98,2.2404,2.8485,+0.6081,3.0433,11.1722,-3.0415,-0.0035,14.1435,44.6705,16.2792,18.4935,20.5284,21.4933,23.2438,24.4828,26.2230,28.4003
sp_bcs_27c_vdd1.62v,bcs,27,1.62,2.1401,2.1988,+0.0587,2.3383,11.7454,-3.0082,-0.0036,14.7514,45.1395,16.8878,19.1020,21.1367,22.1015,23.8516,25.0903,26.8298,29.0057
sp_bcs_27c_vdd1.80v,bcs,27,1.80,2.1368,2.1955,+0.0587,2.3335,11.7868,-3.0039,-0.0035,14.7973,45.3396,16.9343,19.1486,21.1836,22.1485,23.8990,25.1380,26.8783,29.0557
sp_bcs_27c_vdd1.98v,bcs,27,1.98,2.1334,2.1920,+0.0586,2.3285,11.8281,-3.0011,-0.0034,14.8418,45.5252,16.9792,19.1936,21.2288,22.1938,23.9447,25.1840,26.9249,29.1036
sp_fs_-40c_vdd1.62v,fs,-40,1.62,2.3453,1.9747,-0.3706,2.1529,11.8460,-3.0208,-0.0045,14.8395,44.3416,16.9700,19.1832,21.2165,22.1803,23.9281,25.1643,26.8991,29.0657
sp_fs_-40c_vdd1.80v,fs,-40,1.80,2.3428,1.9725,-0.3703,2.1493,11.8778,-3.0154,-0.0043,14.8769,44.5185,17.0079,19.2213,21.2548,22.2188,23.9670,25.2036,26.9392,29.1074
sp_fs_-40c_vdd1.98v,fs,-40,1.98,2.3401,1.9701,-0.3700,2.1454,11.9094,-3.0117,-0.0042,14.9125,44.6822,17.0440,19.2575,21.2913,22.2554,24.0039,25.2409,26.9772,29.1469
sp_fs_125c_vdd1.62v,fs,125,1.62,2.4739,3.1258,+0.6519,3.3988,10.7077,-3.1252,-0.0048,13.5968,42.7714,15.7238,17.9366,19.9693,20.9327,22.6794,23.9147,25.6474,27.8101
sp_fs_125c_vdd1.80v,fs,125,1.80,2.4721,3.1237,+0.6516,3.3948,10.7527,-3.1203,-0.0046,13.6467,42.9971,15.7745,17.9875,20.0205,20.9842,22.7315,23.9673,25.7011,27.8660
sp_fs_125c_vdd1.98v,fs,125,1.98,2.4703,3.1215,+0.6512,3.3908,10.7963,-3.1179,-0.0045,13.6930,43.2062,15.8214,18.0346,20.0679,21.0318,22.7796,24.0159,25.7507,27.9175
sp_fs_27c_vdd1.62v,fs,27,1.62,2.3836,2.4473,+0.0637,2.6594,11.4236,-3.0709,-0.0046,14.3666,43.7510,16.4960,18.7090,20.7421,21.7058,23.4532,24.6891,26.4231,28.5884
sp_fs_27c_vdd1.80v,fs,27,1.80,2.3816,2.4453,+0.0637,2.6559,11.4608,-3.0657,-0.0044,14.4092,43.9466,16.5391,18.7524,20.7857,21.7496,23.4974,24.7338,26.4688,28.6358
sp_fs_27c_vdd1.98v,fs,27,1.98,2.3796,2.4433,+0.0637,2.6522,11.4975,-3.0624,-0.0043,14.4493,44.1281,16.5798,18.7932,20.8268,21.7909,23.5391,24.7759,26.5117,28.6803
sp_sf_-40c_vdd1.62v,sf,-40,1.62,2.3454,1.9748,-0.3706,2.1530,11.8452,-3.0208,-0.0045,14.8388,44.3409,16.9693,19.1825,21.2158,22.1796,23.9273,25.1636,26.8983,29.0650
sp_sf_-40c_vdd1.80v,sf,-40,1.80,2.3428,1.9725,-0.3703,2.1494,11.8772,-3.0154,-0.0043,14.8763,44.5179,17.0074,19.2208,21.2543,22.2183,23.9664,25.2031,26.9386,29.1069
sp_sf_-40c_vdd1.98v,sf,-40,1.98,2.3402,1.9702,-0.3700,2.1456,11.9088,-3.0117,-0.0042,14.9119,44.6817,17.0434,19.2569,21.2907,22.2548,24.0033,25.2403,26.9766,29.1463
sp_sf_125c_vdd1.62v,sf,125,1.62,2.4740,3.1259,+0.6519,3.3989,10.7070,-3.1251,-0.0048,13.5960,42.7707,15.7231,17.9359,19.9686,20.9320,22.6787,23.9139,25.6467,27.8094
sp_sf_125c_vdd1.80v,sf,125,1.80,2.4721,3.1237,+0.6516,3.3949,10.7522,-3.1202,-0.0046,13.6463,42.9967,15.7741,17.9871,20.0201,20.9837,22.7310,23.9668,25.7007,27.8655
sp_sf_125c_vdd1.98v,sf,125,1.98,2.4703,3.1215,+0.6512,3.3908,10.7960,-3.1179,-0.0045,13.6927,43.2059,15.8211,18.0343,20.0676,21.0315,22.7793,24.0156,25.7504,27.9172
sp_sf_27c_vdd1.62v,sf,27,1.62,2.3837,2.4474,+0.0637,2.6595,11.4228,-3.0709,-0.0046,14.3658,43.7502,16.4952,18.7083,20.7413,21.7050,23.4524,24.6883,26.4223,28.5876
sp_sf_27c_vdd1.80v,sf,27,1.80,2.3817,2.4454,+0.0637,2.6560,11.4601,-3.0657,-0.0044,14.4086,43.9460,16.5385,18.7518,20.7851,21.7490,23.4968,24.7332,26.4681,28.6352
sp_sf_27c_vdd1.98v,sf,27,1.98,2.3797,2.4434,+0.0637,2.6523,11.4969,-3.0624,-0.0043,14.4488,44.1276,16.5793,18.7927,20.8263,21.7903,23.5386,24.7754,26.5111,28.6798
sp_typ_-40c_vdd1.62v,typ,-40,1.62,2.3454,1.9748,-0.3706,2.1530,11.8455,-3.0208,-0.0045,14.8391,44.3412,16.9696,19.1828,21.2161,22.1799,23.9276,25.1639,26.8986,29.0653
sp_typ_-40c_vdd1.80v,typ,-40,1.80,2.3428,1.9725,-0.3703,2.1493,11.8775,-3.0154,-0.0043,14.8766,44.5182,17.0077,19.2211,21.2546,22.2186,23.9667,25.2034,26.9389,29.1072
sp_typ_-40c_vdd1.98v,typ,-40,1.98,2.3401,1.9701,-0.3700,2.1455,11.9091,-3.0117,-0.0042,14.9121,44.6819,17.0437,19.2572,21.2909,22.2551,24.0036,25.2406,26.9769,29.1466
sp_typ_125c_vdd1.62v,typ,125,1.62,2.4739,3.1258,+0.6519,3.3989,10.7073,-3.1252,-0.0048,13.5963,42.7710,15.7234,17.9362,19.9688,20.9323,22.6790,23.9142,25.6470,27.8097
sp_typ_125c_vdd1.80v,typ,125,1.80,2.4721,3.1237,+0.6516,3.3948,10.7524,-3.1203,-0.0046,13.6464,42.9969,15.7742,17.9873,20.0203,20.9839,22.7312,23.9670,25.7008,27.8657
sp_typ_125c_vdd1.98v,typ,125,1.98,2.4703,3.1215,+0.6512,3.3908,10.7961,-3.1179,-0.0045,13.6928,43.2060,15.8212,18.0345,20.0678,21.0316,22.7794,24.0157,25.7505,27.9173
sp_typ_27c_vdd1.62v,typ,27,1.62,2.3836,2.4473,+0.0637,2.6595,11.4232,-3.0709,-0.0046,14.3662,43.7506,16.4955,18.7086,20.7417,21.7054,23.4527,24.6886,26.4227,28.5879
sp_typ_27c_vdd1.80v,typ,27,1.80,2.3817,2.4454,+0.0637,2.6559,11.4604,-3.0657,-0.0044,14.4089,43.9463,16.5388,18.7521,20.7854,21.7493,23.4971,24.7335,26.4684,28.6355
sp_typ_27c_vdd1.98v,typ,27,1.98,2.3796,2.4433,+0.0637,2.6522,11.4972,-3.0624,-0.0043,14.4490,44.1278,16.5795,18.7929,20.8265,21.7906,23.5388,24.7756,26.5114,28.6800
sp_wcs_-40c_vdd1.62v,wcs,-40,1.62,2.6266,2.2220,-0.4046,2.4845,11.5182,-3.0766,-0.0055,14.4557,43.0617,16.5792,18.7912,20.8227,21.7853,23.5301,24.7634,26.4923,28.6474
sp_wcs_-40c_vdd1.80v,wcs,-40,1.80,2.6251,2.2206,-0.4045,2.4815,11.5469,-3.0702,-0.0053,14.4909,43.2357,16.6150,18.8272,20.8590,21.8218,23.5671,24.8009,26.5308,28.6879
sp_wcs_-40c_vdd1.98v,wcs,-40,1.98,2.6235,2.2192,-0.4043,2.4784,11.5749,-3.0661,-0.0052,14.5231,43.3967,16.6478,18.8602,20.8922,21.8552,23.6010,24.8352,26.5660,28.7248
sp_wcs_125c_vdd1.62v,wcs,125,1.62,2.7275,3.4239,+0.6964,3.7759,10.2748,-3.2227,-0.0059,13.0729,41.3442,15.1925,17.4040,19.4348,20.3969,22.1404,23.3724,25.0988,27.2491
sp_wcs_125c_vdd1.80v,wcs,125,1.80,2.7271,3.4234,+0.6963,3.7736,10.3145,-3.2162,-0.0057,13.1190,41.5616,15.2394,17.4512,19.4823,20.4447,22.1888,23.4215,25.1493,27.3021
sp_wcs_125c_vdd1.98v,wcs,125,1.98,2.7268,3.4231,+0.6963,3.7713,10.3521,-3.2133,-0.0055,13.1596,41.7626,15.2808,17.4928,19.5243,20.4869,22.2317,23.4650,25.1939,27.3490
sp_wcs_27c_vdd1.62v,wcs,27,1.62,2.6495,2.7184,+0.0689,3.0120,11.0605,-3.1445,-0.0057,13.9323,42.4167,16.0545,18.2663,20.2975,21.2600,23.0043,24.2371,25.9651,28.1186
sp_wcs_27c_vdd1.80v,wcs,27,1.80,2.6488,2.7177,+0.0689,3.0097,11.0934,-3.1381,-0.0055,13.9717,42.6070,16.0945,18.3066,20.3381,21.3008,23.0457,24.2791,26.0082,28.1638
sp_wcs_27c_vdd1.98v,wcs,27,1.98,2.6482,2.7170,+0.0688,3.0073,11.1254,-3.1343,-0.0053,14.0075,42.7833,16.1309,18.3432,20.3751,21.3379,23.0833,24.3172,26.0473,28.2049
