candidate,qcase,freq_hz,s11_db,s21_db,s12_db,s22_db,nf_sp_db,nfmin290_db,mu,k,delta_mag
lp_power,ideal,2.4e+09,-28.8823,14.4987,-92.6170,-0.0045,3.3885,2.4455,1.000402245,4.2324,0.036024
lp_power,ideal,2.40835e+09,-30.4017,16.4655,-90.5767,-0.0072,3.3979,2.4455,1.000640143,4.2429,0.030288
lp_power,ideal,2.4167e+09,-32.0526,18.9921,-87.9768,-0.0131,3.4073,2.4454,1.001159535,4.2534,0.025133
lp_power,ideal,2.42505e+09,-33.4402,22.5373,-84.3584,-0.0301,3.4167,2.4454,1.002660481,4.2639,0.021596
lp_power,ideal,2.4334e+09,-32.2706,28.5344,-78.2884,-0.1224,3.4263,2.4453,1.010867935,4.2744,0.024948
lp_power,ideal,2.44175e+09,-18.5575,44.0296,-62.7204,-24.3322,3.4359,2.4453,5.663666702,4.2848,0.118344
lp_power,ideal,2.4501e+09,-31.8606,28.4119,-78.2655,-0.1218,3.4455,2.4452,1.010811889,4.2953,0.024958
lp_power,ideal,2.45845e+09,-33.1232,22.5481,-84.0568,-0.0316,3.4553,2.4452,1.002793961,4.3057,0.021701
lp_power,ideal,2.4668e+09,-31.8777,19.0811,-87.4515,-0.0144,3.4651,2.4451,1.001268765,4.3161,0.025244
lp_power,ideal,2.47515e+09,-30.2749,16.6183,-89.8422,-0.0082,3.4750,2.4450,1.000727405,4.3265,0.030484
lp_power,ideal,2.4835e+09,-28.7595,14.7095,-91.6791,-0.0054,3.4849,2.4450,1.000474043,4.3370,0.036368
lp_power,q20,2.4e+09,-29.9538,23.5325,-83.3534,-9.9053,3.6464,2.8535,3.118287510,439.3029,0.011080
lp_power,q20,2.40835e+09,-31.9239,23.7049,-83.1070,-11.7011,3.6550,2.8543,3.830950657,434.9191,0.007524
lp_power,q20,2.4167e+09,-34.4853,23.8441,-82.8942,-14.0947,3.6636,2.8552,5.038748750,430.5965,0.004680
lp_power,q20,2.42505e+09,-38.1455,23.9470,-82.7177,-17.5578,3.6723,2.8561,7.484500294,426.3342,0.002635
lp_power,q20,2.4334e+09,-44.6130,24.0117,-82.5796,-23.6003,3.6811,2.8570,14.871902073,422.1311,0.001488
lp_power,q20,2.44175e+09,-63.3083,24.0371,-82.4810,-55.5589,3.6900,2.8579,349.297430256,417.9861,0.001197
lp_power,q20,2.4501e+09,-42.8947,24.0230,-82.4220,-23.3707,3.6989,2.8587,14.485580214,413.8982,0.001543
lp_power,q20,2.45845e+09,-37.2707,23.9704,-82.4017,-17.4889,3.7079,2.8596,7.423275794,409.8665,0.002676
lp_power,q20,2.4668e+09,-33.8829,23.8812,-82.4183,-14.0982,3.7170,2.8605,5.038894957,405.8900,0.004679
lp_power,q20,2.47515e+09,-31.4509,23.7580,-82.4690,-11.7530,3.7261,2.8614,3.852330441,401.9678,0.007480
lp_power,q20,2.4835e+09,-29.5524,23.6041,-82.5505,-9.9941,3.7353,2.8623,3.149026826,398.0989,0.010994
lp_power,q10,2.4e+09,-30.2104,20.3131,-86.3882,-15.6158,3.8906,3.2111,6.018917257,977.7467,0.005495
lp_power,q10,2.40835e+09,-32.1596,20.3624,-86.2647,-17.5349,3.8986,3.2128,7.501002775,968.4883,0.003658
lp_power,q10,2.4167e+09,-34.6837,20.4016,-86.1514,-20.0305,3.9067,3.2146,9.984188054,959.3559,0.002227
lp_power,q10,2.42505e+09,-38.2665,20.4307,-86.0485,-23.5751,3.9149,3.2164,14.974789619,950.3474,0.001223
lp_power,q10,2.4334e+09,-44.4901,20.4496,-85.9559,-29.6932,3.9232,3.2182,30.040722356,941.4607,0.000674
lp_power,q10,2.44175e+09,-68.8593,20.4583,-85.8737,-62.0126,3.9315,3.2199,752.345653573,932.6937,0.000536
lp_power,q10,2.4501e+09,-43.6436,20.4568,-85.8018,-29.3383,3.9399,3.2217,28.847845970,924.0443,0.000689
lp_power,q10,2.45845e+09,-37.8191,20.4454,-85.7401,-23.4414,3.9484,3.2235,14.743380964,915.5107,0.001238
lp_power,q10,2.4668e+09,-34.3588,20.4241,-85.6884,-19.9896,3.9569,3.2253,9.934438289,907.0908,0.002235
lp_power,q10,2.47515e+09,-31.8878,20.3932,-85.6464,-17.5542,3.9656,3.2271,7.515233592,898.7827,0.003654
lp_power,q10,2.4835e+09,-29.9640,20.3531,-85.6140,-15.6817,3.9743,3.2290,6.062685890,890.5847,0.005473
lp_power,em,2.4e+09,-30.2063,20.0947,-86.6113,-16.1885,3.8914,3.2124,6.428858273,1032.3187,0.005150
lp_power,em,2.40835e+09,-32.1536,20.1334,-86.4984,-18.1176,3.8994,3.2142,8.021012748,1023.7848,0.003427
lp_power,em,2.4167e+09,-34.6747,20.1631,-86.3947,-20.6216,3.9076,3.2160,10.686555040,1015.3638,0.002086
lp_power,em,2.42505e+09,-38.2512,20.1838,-86.3001,-24.1722,3.9158,3.2178,16.039104240,1007.0538,0.001147
lp_power,em,2.4334e+09,-44.4566,20.1956,-86.2146,-30.2906,3.9240,3.2196,32.174367799,998.8528,0.000633
lp_power,em,2.44175e+09,-70.1496,20.1984,-86.1383,-63.0473,3.9324,3.2214,827.349822305,990.7592,0.000505
lp_power,em,2.4501e+09,-43.6838,20.1923,-86.0711,-29.9731,3.9408,3.2232,31.029610798,982.7710,0.000647
lp_power,em,2.45845e+09,-37.8405,20.1775,-86.0127,-24.0731,3.9493,3.2250,15.854280477,974.8865,0.001158
lp_power,em,2.4668e+09,-34.3739,20.1542,-85.9630,-20.6212,3.9579,3.2269,10.683155129,967.1040,0.002084
lp_power,em,2.47515e+09,-31.8996,20.1226,-85.9219,-18.1855,3.9665,3.2287,8.081462165,959.4218,0.003403
lp_power,em,2.4835e+09,-29.9739,20.0829,-85.8889,-16.3119,3.9752,3.2305,6.518711103,951.8383,0.005095
hp_power,ideal,2.4e+09,-28.8326,14.5013,-92.6127,-0.0044,3.4874,2.4456,1.000385413,4.0947,0.036277
hp_power,ideal,2.40835e+09,-30.7643,16.4690,-90.5715,-0.0070,3.4768,2.4456,1.000613619,4.1058,0.029131
hp_power,ideal,2.4167e+09,-33.1193,18.9968,-87.9704,-0.0127,3.4663,2.4455,1.001112046,4.1168,0.022395
hp_power,ideal,2.42505e+09,-35.6054,22.5442,-84.3498,-0.0291,3.4560,2.4455,1.002553277,4.1278,0.017233
hp_power,ideal,2.4334e+09,-34.0915,28.5487,-78.2724,-0.1188,3.4459,2.4454,1.010445778,4.1388,0.020870
hp_power,ideal,2.44175e+09,-18.4142,44.1649,-62.5833,-23.6439,3.4359,2.4454,5.289513670,4.1498,0.120240
hp_power,ideal,2.4501e+09,-33.2860,28.4085,-78.2671,-0.1179,3.4260,2.4453,1.010355774,4.1608,0.020610
hp_power,ideal,2.45845e+09,-35.2561,22.5461,-84.0570,-0.0307,3.4163,2.4453,1.002679132,4.1717,0.016553
hp_power,ideal,2.4668e+09,-33.3404,19.0800,-87.4508,-0.0140,3.4068,2.4452,1.001217354,4.1827,0.021131
hp_power,ideal,2.47515e+09,-31.2119,16.6178,-89.8409,-0.0080,3.3974,2.4451,1.000698245,4.1936,0.027264
hp_power,ideal,2.4835e+09,-29.4044,14.7093,-91.6774,-0.0052,3.3881,2.4451,1.000455216,4.2045,0.033706
hp_power,q20,2.4e+09,-29.6366,23.4978,-83.3959,-9.8994,3.6335,2.6552,3.116064026,443.1160,0.010792
hp_power,q20,2.40835e+09,-31.6877,23.6766,-83.1431,-11.6955,3.6213,2.6543,3.828338603,438.0949,0.006987
hp_power,q20,2.4167e+09,-34.3451,23.8220,-82.9240,-14.0899,3.6093,2.6534,5.035754847,433.1510,0.003999
hp_power,q20,2.42505e+09,-38.1409,23.9310,-82.7414,-17.5549,3.5975,2.6525,7.481739633,428.2829,0.001976
hp_power,q20,2.4334e+09,-44.9214,24.0016,-82.5973,-23.6045,3.5859,2.6516,14.878343418,423.4892,0.001190
hp_power,q20,2.44175e+09,-60.1828,24.0328,-82.4929,-59.0389,3.5744,2.6508,432.760011020,418.7684,0.001194
hp_power,q20,2.4501e+09,-42.4676,24.0244,-82.4282,-23.3522,3.5632,2.6499,14.453999323,414.1191,0.001204
hp_power,q20,2.45845e+09,-37.0713,23.9774,-82.4024,-17.4749,3.5520,2.6491,7.410565385,409.5400,0.001907
hp_power,q20,2.4668e+09,-33.7997,23.8936,-82.4134,-14.0859,3.5411,2.6482,5.031259790,405.0298,0.003767
hp_power,q20,2.47515e+09,-31.4526,23.7758,-82.4586,-11.7418,3.5303,2.6474,3.846962057,400.5871,0.006506
hp_power,q20,2.4835e+09,-29.6256,23.6273,-82.5348,-9.9838,3.5197,2.6466,3.144930513,396.2107,0.009950
hp_power,q10,2.4e+09,-30.0254,20.2445,-86.4551,-15.6128,3.7821,2.8710,6.016652545,993.0563,0.005189
hp_power,q10,2.40835e+09,-32.0280,20.3050,-86.3203,-17.5312,3.7687,2.8693,7.497530979,981.1359,0.003284
hp_power,q10,2.4167e+09,-34.6083,20.3554,-86.1959,-20.0255,3.7555,2.8676,9.978153218,969.4080,0.001821
hp_power,q10,2.42505e+09,-38.2546,20.3955,-86.0818,-23.5675,3.7425,2.8659,14.961561154,957.8686,0.000849
hp_power,q10,2.4334e+09,-44.5735,20.4255,-85.9783,-29.6781,3.7297,2.8643,29.989381718,946.5142,0.000505
hp_power,q10,2.44175e+09,-68.3559,20.4451,-85.8851,-62.9491,3.7171,2.8627,802.177037640,935.3408,0.000535
hp_power,q10,2.4501e+09,-43.6583,20.4546,-85.8023,-29.3528,3.7047,2.8610,28.893042996,924.3450,0.000514
hp_power,q10,2.45845e+09,-37.9184,20.4540,-85.7297,-23.4486,3.6924,2.8595,14.753969137,913.5232,0.000826
hp_power,q10,2.4668e+09,-34.5187,20.4436,-85.6672,-19.9944,3.6804,2.8579,9.938693792,902.8720,0.001729
hp_power,q10,2.47515e+09,-32.1018,20.4236,-85.6144,-17.5577,3.6685,2.8563,7.517346801,892.3881,0.003082
hp_power,q10,2.4835e+09,-30.2294,20.3943,-85.5710,-15.6845,3.6568,2.8548,6.063848199,882.0682,0.004820
hp_power,em,2.4e+09,-29.9179,20.0183,-86.6789,-16.1830,3.7834,2.8730,6.424554911,1049.4786,0.004910
hp_power,em,2.40835e+09,-31.8920,20.0682,-86.5549,-18.1095,3.7700,2.8713,8.013389290,1038.1488,0.003110
hp_power,em,2.4167e+09,-34.4247,20.1090,-86.4400,-20.6094,3.7569,2.8696,10.671363068,1026.9952,0.001728
hp_power,em,2.42505e+09,-37.9750,20.1409,-86.3343,-24.1516,3.7439,2.8680,16.001066993,1016.0145,0.000803
hp_power,em,2.4334e+09,-43.9992,20.1637,-86.2379,-30.2438,3.7311,2.8663,32.004429337,1005.2033,0.000468
hp_power,em,2.44175e+09,-71.0950,20.1774,-86.1506,-61.6674,3.7185,2.8647,753.029256141,994.5582,0.000503
hp_power,em,2.4501e+09,-44.1997,20.1823,-86.0725,-30.0232,3.7061,2.8632,31.204354846,984.0759,0.000489
hp_power,em,2.45845e+09,-38.1958,20.1785,-86.0032,-24.1008,3.6939,2.8616,15.902995185,973.7534,0.000758
hp_power,em,2.4668e+09,-34.7058,20.1661,-85.9427,-20.6412,3.6819,2.8601,10.706408285,963.5875,0.001577
hp_power,em,2.47515e+09,-32.2432,20.1453,-85.8906,-18.2015,3.6700,2.8585,8.095341472,953.5751,0.002819
hp_power,em,2.4835e+09,-30.3432,20.1166,-85.8468,-16.3255,3.6584,2.8570,6.528073506,943.7134,0.004421
lp_noise,ideal,2.4e+09,-11.4657,14.1855,-92.9272,-0.0046,2.7089,2.4457,1.000391713,4.1448,0.266952
lp_noise,ideal,2.40835e+09,-11.5234,16.1556,-90.8836,-0.0073,2.7134,2.4456,1.000623585,4.1557,0.265086
lp_noise,ideal,2.4167e+09,-11.5592,18.6846,-88.2812,-0.0131,2.7179,2.4456,1.001130004,4.1665,0.263775
lp_noise,ideal,2.42505e+09,-11.5424,22.2299,-84.6628,-0.0301,2.7225,2.4455,1.002594339,4.1773,0.263671
lp_noise,ideal,2.4334e+09,-11.3230,28.2176,-78.6022,-0.1218,2.7272,2.4455,1.010613852,4.1881,0.267246
lp_noise,ideal,2.44175e+09,-10.2832,43.7477,-62.9992,-27.6053,2.7319,2.4454,5.341048846,4.1989,0.103830
lp_noise,ideal,2.4501e+09,-12.6466,28.1646,-78.5097,-0.1228,2.7367,2.4453,1.010512349,4.2097,0.228192
lp_noise,ideal,2.45845e+09,-12.4625,22.2924,-84.3094,-0.0318,2.7416,2.4453,1.002719986,4.2205,0.236910
lp_noise,ideal,2.4668e+09,-12.4430,18.8263,-87.7032,-0.0144,2.7465,2.4452,1.001235870,4.2312,0.238134
lp_noise,ideal,2.47515e+09,-12.4672,16.3670,-90.0904,-0.0083,2.7515,2.4452,1.000708813,4.2420,0.237714
lp_noise,ideal,2.4835e+09,-12.5074,14.4627,-91.9227,-0.0054,2.7566,2.4451,1.000462066,4.2527,0.236726
lp_noise,q20,2.4e+09,-11.5606,23.2368,-83.6439,-9.9013,2.9680,2.7865,3.118858544,437.6207,0.085346
lp_noise,q20,2.40835e+09,-11.6517,23.4143,-83.3925,-11.6946,2.9721,2.7874,3.831418950,433.2583,0.068930
lp_noise,q20,2.4167e+09,-11.7423,23.5586,-83.1745,-14.0839,2.9763,2.7883,5.038775276,428.9568,0.052098
lp_noise,q20,2.42505e+09,-11.8319,23.6670,-82.9926,-17.5383,2.9806,2.7892,7.482615107,424.7153,0.035023
lp_noise,q20,2.4334e+09,-11.9206,23.7373,-82.8489,-23.5539,2.9849,2.7901,14.855516862,420.5326,0.017908
lp_noise,q20,2.44175e+09,-12.0080,23.7685,-82.7445,-53.9594,2.9893,2.7910,307.713178758,416.4078,0.001198
lp_noise,q20,2.4501e+09,-12.0940,23.7604,-82.6796,-23.4237,2.9937,2.7919,14.508683619,412.3398,0.015649
lp_noise,q20,2.45845e+09,-12.1783,23.7139,-82.6532,-17.5185,2.9982,2.7929,7.431406697,408.3277,0.031629
lp_noise,q20,2.4668e+09,-12.2606,23.6310,-82.6634,-14.1194,3.0028,2.7938,5.043409789,404.3706,0.046860
lp_noise,q20,2.47515e+09,-12.3407,23.5143,-82.7076,-11.7698,3.0074,2.7947,3.855343060,400.4674,0.061201
lp_noise,q20,2.4835e+09,-12.4184,23.3670,-82.7826,-10.0082,3.0121,2.7956,3.151240645,396.6173,0.074556
lp_noise,q10,2.4e+09,-11.5509,20.0630,-86.6356,-15.6090,3.2137,3.0879,6.018249373,963.8657,0.044308
lp_noise,q10,2.40835e+09,-11.6423,20.1176,-86.5068,-17.5261,3.2177,3.0897,7.499872505,954.7186,0.035268
lp_noise,q10,2.4167e+09,-11.7330,20.1624,-86.3880,-20.0183,3.2217,3.0915,9.982020797,945.6961,0.026327
lp_noise,q10,2.42505e+09,-11.8229,20.1971,-86.2793,-23.5560,3.2258,3.0933,14.969543289,936.7962,0.017513
lp_noise,q10,2.4334e+09,-11.9119,20.2218,-86.1810,-29.6534,3.2300,3.0951,30.018052724,928.0167,0.008849
lp_noise,q10,2.44175e+09,-11.9999,20.2365,-86.0928,-63.3673,3.2342,3.0970,749.349109170,919.3556,0.000390
lp_noise,q10,2.4501e+09,-12.0866,20.2411,-86.0149,-29.3783,3.2384,3.0988,28.857559727,910.8108,0.007938
lp_noise,q10,2.45845e+09,-12.1720,20.2358,-85.9470,-23.4620,3.2428,3.1006,14.746220900,902.3805,0.016016
lp_noise,q10,2.4668e+09,-12.2559,20.2209,-85.8890,-20.0037,3.2472,3.1025,9.935848186,894.0627,0.023860
lp_noise,q10,2.47515e+09,-12.3380,20.1965,-85.8406,-17.5649,3.2516,3.1043,7.516103730,885.8554,0.031457
lp_noise,q10,2.4835e+09,-12.4183,20.1629,-85.8015,-15.6904,3.2562,3.1062,6.063290015,877.7569,0.038794
lp_noise,em,2.4e+09,-11.5515,19.8471,-86.8587,-16.1817,3.2146,3.0891,6.428214530,1017.3655,0.041485
lp_noise,em,2.40835e+09,-11.6428,19.8912,-86.7404,-18.1088,3.2186,3.0909,8.019991413,1008.9344,0.032984
lp_noise,em,2.4167e+09,-11.7335,19.9264,-86.6312,-20.6096,3.2227,3.0927,10.684712570,1000.6149,0.024599
lp_noise,em,2.42505e+09,-11.8234,19.9528,-86.5309,-24.1537,3.2268,3.0946,16.034898702,992.4051,0.016353
lp_noise,em,2.4334e+09,-11.9123,19.9703,-86.4397,-30.2524,3.2310,3.0964,32.157274749,984.3032,0.008264
lp_noise,em,2.44175e+09,-12.0003,19.9791,-86.3575,-64.5633,3.2352,3.0983,828.206437947,976.3073,0.000377
lp_noise,em,2.4501e+09,-12.0870,19.9791,-86.2841,-30.0110,3.2395,3.1001,31.031226131,968.4157,0.007375
lp_noise,em,2.45845e+09,-12.1723,19.9705,-86.2196,-24.0925,3.2439,3.1020,15.854685185,960.6266,0.014889
lp_noise,em,2.4668e+09,-12.2561,19.9535,-86.1636,-20.6343,3.2483,3.1039,10.683329544,952.9384,0.022184
lp_noise,em,2.47515e+09,-12.3382,19.9283,-86.1160,-18.1954,3.2528,3.1057,8.081555639,945.3493,0.029249
lp_noise,em,2.4835e+09,-12.4184,19.8952,-86.0765,-16.3199,3.2573,3.1076,6.518767192,937.8578,0.036076
