variant,f_hz,s11_db,s21_db,s12_db,s22_db,zin_r,zin_i,zopt_r,zopt_i,rn_ohm,nfmin290_db,nf50_290_sp_db,nf50_290_noise_db
committed,2.4e+09,-3.065656,11.565651,-95.544335,-0.004439,280.596366,-39.253585,85.186165,2.775901,24.575712,2.445347,2.655916,2.655921
committed,2.40835e+09,-3.066415,11.555364,-95.481105,-0.004478,280.519762,-39.272606,85.183197,2.780348,24.574323,2.445291,2.655835,2.655840
committed,2.4167e+09,-3.067171,11.545024,-95.418104,-0.004517,280.443574,-39.291590,85.180221,2.784810,24.572931,2.445235,2.655753,2.655758
committed,2.42505e+09,-3.067922,11.534629,-95.355330,-0.004556,280.367799,-39.310540,85.177235,2.789285,24.571535,2.445179,2.655671,2.655676
committed,2.4334e+09,-3.068670,11.524181,-95.292780,-0.004595,280.292434,-39.329456,85.174240,2.793773,24.570134,2.445123,2.655589,2.655594
committed,2.44175e+09,-3.069414,11.513682,-95.230455,-0.004635,280.217476,-39.348342,85.171237,2.798276,24.568730,2.445067,2.655507,2.655512
committed,2.4501e+09,-3.070153,11.503132,-95.168351,-0.004674,280.142922,-39.367199,85.168224,2.802791,24.567322,2.445011,2.655424,2.655429
committed,2.45845e+09,-3.070889,11.492531,-95.106468,-0.004714,280.068769,-39.386030,85.165202,2.807320,24.565909,2.444954,2.655341,2.655347
committed,2.4668e+09,-3.071621,11.481881,-95.044804,-0.004754,279.995015,-39.404836,85.162170,2.811861,24.564493,2.444897,2.655258,2.655263
committed,2.47515e+09,-3.072349,11.471182,-94.983357,-0.004794,279.921657,-39.423620,85.159130,2.816415,24.563073,2.444840,2.655175,2.655180
committed,2.4835e+09,-3.073073,11.460436,-94.922127,-0.004834,279.848691,-39.442383,85.156081,2.820982,24.561648,2.444783,2.655091,2.655097
ideal_choke,2.4e+09,-0.406953,12.764131,-94.345854,-0.004424,1212.003828,-1057.025478,466.082005,48.654645,24.571917,0.466648,1.818178,1.818184
ideal_choke,2.40835e+09,-0.407680,12.753799,-94.282670,-0.004463,1209.754546,-1055.152134,465.977109,48.899298,24.570555,0.466674,1.818103,1.818110
ideal_choke,2.4167e+09,-0.408403,12.743413,-94.219715,-0.004501,1207.523553,-1053.295405,465.871600,49.143284,24.569188,0.466700,1.818029,1.818035
ideal_choke,2.42505e+09,-0.409122,12.732973,-94.156986,-0.004540,1205.310560,-1051.455115,465.765482,49.386606,24.567818,0.466727,1.817954,1.817961
ideal_choke,2.4334e+09,-0.409838,12.722480,-94.094482,-0.004580,1203.115282,-1049.631095,465.658760,49.629266,24.566443,0.466754,1.817880,1.817886
ideal_choke,2.44175e+09,-0.410550,12.711936,-94.032201,-0.004619,1200.937438,-1047.823175,465.551439,49.871267,24.565064,0.466781,1.817805,1.817811
ideal_choke,2.4501e+09,-0.411257,12.701341,-93.970142,-0.004658,1198.776757,-1046.031187,465.443523,50.112612,24.563681,0.466809,1.817729,1.817736
ideal_choke,2.45845e+09,-0.411962,12.690696,-93.908303,-0.004698,1196.632969,-1044.254965,465.335016,50.353304,24.562293,0.466837,1.817654,1.817660
ideal_choke,2.4668e+09,-0.412662,12.680002,-93.846683,-0.004738,1194.505810,-1042.494347,465.225924,50.593345,24.560902,0.466866,1.817579,1.817585
ideal_choke,2.47515e+09,-0.413359,12.669259,-93.785281,-0.004778,1192.395022,-1040.749169,465.116250,50.832737,24.559506,0.466894,1.817503,1.817509
ideal_choke,2.4835e+09,-0.414052,12.658469,-93.724094,-0.004818,1190.300351,-1039.019272,465.006000,51.071484,24.558105,0.466924,1.817427,1.817433
em5_cideal,2.4e+09,-1.335856,12.320100,-94.788607,-0.004431,591.083352,-188.348663,142.104583,6.688255,24.578967,1.513809,2.125672,2.125678
em5_cideal,2.40835e+09,-1.324533,12.314628,-94.720568,-0.004470,584.849685,-204.806810,142.860970,7.663333,24.578990,1.505165,2.121954,2.121960
em5_cideal,2.4167e+09,-1.314686,12.308371,-94.653487,-0.004509,577.086299,-220.564893,143.507345,8.659579,24.579019,1.497563,2.118730,2.118736
em5_cideal,2.42505e+09,-1.306342,12.301316,-94.587378,-0.004549,567.919038,-235.416952,144.036787,9.670329,24.579050,1.491043,2.116010,2.116015
em5_cideal,2.4334e+09,-1.299522,12.293453,-94.522248,-0.004589,557.508365,-249.187085,144.443684,10.688445,24.579079,1.485635,2.113801,2.113807
em5_cideal,2.44175e+09,-1.294241,12.284778,-94.458102,-0.004629,546.040731,-261.735923,144.723898,11.706474,24.579103,1.481362,2.112108,2.112114
em5_cideal,2.4501e+09,-1.290503,12.275289,-94.394942,-0.004669,533.718807,-272.964298,144.874895,12.716825,24.579119,1.478239,2.110934,2.110940
em5_cideal,2.45845e+09,-1.288309,12.264989,-94.332762,-0.004710,520.751548,-282.814051,144.895820,13.711955,24.579123,1.476274,2.110278,2.110284
em5_cideal,2.4668e+09,-1.287649,12.253886,-94.271555,-0.004750,507.344979,-291.266213,144.787513,14.684558,24.579111,1.475464,2.110137,2.110143
em5_cideal,2.47515e+09,-1.288508,12.241990,-94.211310,-0.004791,493.694353,-298.337103,144.552473,15.627748,24.579082,1.475800,2.110504,2.110510
em5_cideal,2.4835e+09,-1.290863,12.229316,-94.152012,-0.004832,479.978102,-304.072963,144.194762,16.535212,24.579031,1.477264,2.111372,2.111378
em5_cmim,2.4e+09,-1.339060,12.318606,-94.790102,-0.004431,589.734200,-187.813408,141.876458,6.686869,24.578999,1.516136,2.126709,2.126715
em5_cmim,2.40835e+09,-1.327805,12.313104,-94.722093,-0.004470,583.545339,-204.138136,142.624534,7.655520,24.579017,1.507555,2.123013,2.123019
em5_cmim,2.4167e+09,-1.318018,12.306820,-94.655039,-0.004510,575.845516,-219.770412,143.263533,8.644962,24.579041,1.500011,2.119808,2.119814
em5_cmim,2.42505e+09,-1.309727,12.299741,-94.588953,-0.004549,566.758684,-234.507642,143.786665,9.648612,24.579067,1.493542,2.117105,2.117111
em5_cmim,2.4334e+09,-1.302953,12.291859,-94.523842,-0.004589,556.442715,-248.176709,144.188433,10.659425,24.579092,1.488177,2.114911,2.114917
em5_cmim,2.44175e+09,-1.297710,12.283169,-94.459712,-0.004629,545.080968,-260.640289,144.464790,11.670050,24.579111,1.483940,2.113231,2.113236
em5_cmim,2.4501e+09,-1.294003,12.273668,-94.396562,-0.004669,532.872756,-271.800445,144.613273,12.673001,24.579121,1.480845,2.112066,2.112071
em5_cmim,2.45845e+09,-1.291831,12.263362,-94.334389,-0.004710,520.023650,-281.599434,144.633062,13.660847,24.579120,1.478899,2.111416,2.111422
em5_cmim,2.4668e+09,-1.291185,12.252256,-94.273185,-0.004750,506.736464,-290.017963,144.525011,14.626391,24.579104,1.478101,2.111278,2.111284
em5_cmim,2.47515e+09,-1.292050,12.240362,-94.212939,-0.004791,493.203584,-297.071398,144.291596,15.562846,24.579069,1.478440,2.111646,2.111651
em5_cmim,2.4835e+09,-1.294403,12.227693,-94.153635,-0.004832,479.601026,-302.804558,143.936835,16.463994,24.579013,1.479899,2.112511,2.112517
em5_cmim_bp10,2.4e+09,-1.328605,12.289527,-94.819181,-0.004449,301.265658,-324.388794,136.224162,29.032478,24.617032,1.516136,2.135758,2.135764
em5_cmim_bp10,2.40835e+09,-1.317059,12.282914,-94.752282,-0.004489,291.818619,-325.985380,136.572355,30.214353,24.617049,1.507555,2.132460,2.132465
em5_cmim_bp10,2.4167e+09,-1.306968,12.275505,-94.686354,-0.004528,282.484934,-326.881766,136.810455,31.379209,24.617072,1.500011,2.129660,2.129665
em5_cmim_bp10,2.42505e+09,-1.298361,12.267287,-94.621407,-0.004568,273.334149,-327.117492,136.935362,32.518413,24.617097,1.493542,2.127367,2.127372
em5_cmim_bp10,2.4334e+09,-1.291257,12.258255,-94.557446,-0.004608,264.426444,-326.739403,136.945369,33.623467,24.617120,1.488177,2.125587,2.125593
em5_cmim_bp10,2.44175e+09,-1.285669,12.248408,-94.494473,-0.004649,255.812123,-325.799534,136.840226,34.686222,24.617139,1.483940,2.124325,2.124331
em5_cmim_bp10,2.4501e+09,-1.281603,12.237746,-94.432485,-0.004689,247.531564,-324.353101,136.621146,35.699076,24.617148,1.480845,2.123581,2.123587
em5_cmim_bp10,2.45845e+09,-1.279057,12.226276,-94.371475,-0.004730,239.615548,-322.456688,136.290765,36.655163,24.617146,1.478899,2.123354,2.123360
em5_cmim_bp10,2.4668e+09,-1.278021,12.214008,-94.311433,-0.004771,232.085881,-320.166678,135.853065,37.548512,24.617129,1.478101,2.123639,2.123645
em5_cmim_bp10,2.47515e+09,-1.278479,12.200956,-94.252344,-0.004811,224.956235,-317.537958,135.313242,38.374173,24.617093,1.478440,2.124430,2.124436
em5_cmim_bp10,2.4835e+09,-1.280409,12.187137,-94.194191,-0.004852,218.233095,-314.622919,134.677550,39.128298,24.617036,1.479899,2.125718,2.125723
em5_cq30,2.4e+09,-1.487956,12.249602,-94.859106,-0.004432,534.271516,-164.249162,132.330537,6.519937,24.580222,1.620357,2.174674,2.174680
em5_cq30,2.40835e+09,-1.479458,12.242868,-94.792328,-0.004471,529.891277,-175.547254,132.784179,7.234780,24.580037,1.614232,2.171871,2.171877
em5_cq30,2.4167e+09,-1.472132,12.235508,-94.726351,-0.004511,524.646916,-186.431435,133.165111,7.958492,24.579852,1.608890,2.169456,2.169462
em5_cq30,2.42505e+09,-1.465993,12.227514,-94.661180,-0.004550,518.599924,-196.805647,133.470584,8.687356,24.579663,1.604348,2.167436,2.167442
em5_cq30,2.4334e+09,-1.461049,12.218885,-94.596816,-0.004590,511.825185,-206.585856,133.698528,9.417525,24.579470,1.600621,2.165812,2.165818
em5_cq30,2.44175e+09,-1.457306,12.209620,-94.533261,-0.004630,504.408147,-215.702144,133.847601,10.145091,24.579269,1.597716,2.164587,2.164593
em5_cq30,2.4501e+09,-1.454760,12.199721,-94.470510,-0.004670,496.441672,-224.100059,133.917210,10.866151,24.579057,1.595638,2.163760,2.163765
em5_cq30,2.45845e+09,-1.453408,12.189193,-94.408558,-0.004710,488.022787,-231.741177,133.907524,11.576881,24.578833,1.594387,2.163328,2.163334
em5_cq30,2.4668e+09,-1.453238,12.178044,-94.347397,-0.004751,479.249540,-238.602914,133.819464,12.273601,24.578594,1.593957,2.163289,2.163294
em5_cq30,2.47515e+09,-1.454235,12.166283,-94.287017,-0.004791,470.218139,-244.677693,133.654672,12.952841,24.578338,1.594339,2.163636,2.163641
em5_cq30,2.4835e+09,-1.456380,12.153923,-94.227405,-0.004832,461.020500,-249.971589,133.415465,13.611397,24.578063,1.595517,2.164362,2.164368
em4_cideal,2.4e+09,-1.367237,12.306520,-94.802645,-0.004430,584.141422,-174.461292,139.965448,6.113382,24.576907,1.536310,2.135585,2.135590
em4_cideal,2.40835e+09,-1.352575,12.302454,-94.733198,-0.004470,578.011881,-193.860971,140.906170,7.236355,24.577198,1.525431,2.130839,2.130845
em4_cideal,2.4167e+09,-1.339998,12.297303,-94.665010,-0.004510,569.725847,-212.449677,141.699558,8.391999,24.577502,1.515996,2.126790,2.126796
em4_cideal,2.42505e+09,-1.329557,12.291042,-94.598106,-0.004549,559.461905,-229.879265,142.333757,9.569703,24.577815,1.508073,2.123455,2.123461
em4_cideal,2.4334e+09,-1.321290,12.283653,-94.532500,-0.004590,547.468921,-245.854361,142.799352,10.757882,24.578129,1.501715,2.120849,2.120855
em4_cideal,2.44175e+09,-1.315219,12.275128,-94.468203,-0.004630,534.047398,-260.148119,143.089776,11.944333,24.578440,1.496960,2.118979,2.118985
em4_cideal,2.4501e+09,-1.311352,12.265466,-94.405214,-0.004670,519.527547,-272.610667,143.201584,13.116645,24.578741,1.493830,2.117848,2.117854
em4_cideal,2.45845e+09,-1.309682,12.254674,-94.343524,-0.004711,504.247064,-283.169954,143.134592,14.262626,24.579026,1.492331,2.117453,2.117458
em4_cideal,2.4668e+09,-1.310185,12.242769,-94.283118,-0.004751,488.531283,-291.825949,142.891863,15.370730,24.579290,1.492450,2.117785,2.117790
em4_cideal,2.47515e+09,-1.312825,12.229772,-94.223972,-0.004792,472.677528,-298.639973,142.479538,16.430440,24.579528,1.494162,2.118831,2.118836
em4_cideal,2.4835e+09,-1.317553,12.215715,-94.166055,-0.004833,456.944527,-303.721287,141.906538,17.432592,24.579734,1.497422,2.120573,2.120578
em4_cmim,2.4e+09,-1.372034,12.304284,-94.804881,-0.004430,582.114187,-173.839461,139.638654,6.119012,24.576962,1.539740,2.137136,2.137141
em4_cmim,2.40835e+09,-1.357495,12.300162,-94.735490,-0.004470,576.043029,-193.002454,140.564553,7.231161,24.577245,1.528974,2.132430,2.132436
em4_cmim,2.4167e+09,-1.345025,12.294963,-94.667351,-0.004510,567.855072,-211.366728,141.344962,8.375170,24.577541,1.519641,2.128416,2.128422
em4_cmim,2.42505e+09,-1.334677,12.288661,-94.600486,-0.004550,557.725017,-228.592662,141.968345,9.540614,24.577845,1.511805,2.125111,2.125117
em4_cmim,2.4334e+09,-1.326486,12.281240,-94.534913,-0.004590,545.895707,-244.391897,142.425564,10.716132,24.578151,1.505520,2.122530,2.122535
em4_cmim,2.44175e+09,-1.320475,12.272692,-94.470639,-0.004630,532.660150,-258.542526,142.710263,11.889771,24.578452,1.500821,2.120678,2.120684
em4_cmim,2.4501e+09,-1.316651,12.263016,-94.407664,-0.004670,518.340371,-270.897275,142.819132,13.049381,24.578744,1.497730,2.119559,2.119565
em4_cmim,2.45845e+09,-1.315005,12.252219,-94.345979,-0.004711,503.265974,-281.384407,142.752044,14.183036,24.579020,1.496253,2.119170,2.119175
em4_cmim,2.4668e+09,-1.315516,12.240318,-94.285569,-0.004751,487.754937,-290.002221,142.512031,15.279441,24.579275,1.496377,2.119502,2.119507
em4_cmim,2.47515e+09,-1.318147,12.227334,-94.226410,-0.004792,472.098423,-296.808855,142.105124,16.328307,24.579504,1.498075,2.120542,2.120548
em4_cmim,2.4835e+09,-1.322848,12.213299,-94.168472,-0.004833,456.550418,-301.909399,141.540057,17.320658,24.579701,1.501307,2.122272,2.122278
