rank,candidate,qcase,input_topology,target,output,zs_target_ohm,input_series,input_shunt,input_l_loss_ohm,lc_nh,lc_model,lc_loss_ohm,cp_out_pf,cs_out_pf,pred_s11_db_mid,pred_s22_db_mid,pred_nf290_db_mid,s11_db_mid,s11_db_worst,s22_db_mid,s22_db_worst,s21_db_mid,s21_db_min,s21_db_max,s12_db_max,nf290_db_mid,nf290_db_worst,nf290_f_worst_hz,nfmin290_db_mid,mu_band_min,k_band_min,mu_bb_min,mu_bb_f_min_hz,mu_bb_n_lt1,n_stab_pts,k_bb_min,s11_mag_bb_max,s22_mag_bb_max,gt_minus_s21_db_mid,ic1_ma,pdc_mw,row_S11,row_S22,row_S21,row_NF,row_mu,rows_met,feas_Le,feas_Lin,feas_Lc
3,lp_power,ideal,lowpass,power,O2,280.2175+39.3483j,Lb 7.0766 nH,Cp 0.4633 pF,0.0000,5.0000,ideal,0.0000,0.8112,0.0253,-300.00,-268.78,3.5180,-18.56,-18.56,-24.33,-0.00,44.0296,14.4987,44.0296,-62.72,3.5182,3.5680,2.4835e+09,2.4453,1.000402245,4.2324,1.000000000,1.334e+08,27,140,-1175364.7504,0.999972691,1.000000000,-0.0000,3.9403,8.5095,yes,no,no,no,no,1,"inside the extracted L range, nearest em4 (L ratio 0.22); needs a non-extracted geometry (EM-corrected analytic extrapolation)","above the largest extracted L (5.52 nH, ratio 1.28); larger spiral (unextracted), bondwire or off-chip",near em5 (L ratio 0.91; EM-backed geometry)
3,lp_power,q20,lowpass,power,O2,251.7387-6.7364j,Lb 6.7927 nH,Cp 0.4953 pF,5.2107,5.0000,Q=20,3.8355,0.6000,0.2424,-298.89,-300.00,3.7681,-63.31,-29.55,-55.56,-9.91,24.0371,23.5325,24.0371,-82.40,3.7761,3.8222,2.4835e+09,2.8579,3.118287510,398.0989,1.000000088,1e+07,0,140,31.4075,0.999648487,0.999999912,-0.0000,3.9418,8.4894,yes,no,yes,no,yes,3,"inside the extracted L range, nearest em4 (L ratio 0.22); needs a non-extracted geometry (EM-corrected analytic extrapolation)","above the largest extracted L (5.52 nH, ratio 1.23); larger spiral (unextracted), bondwire or off-chip",near em5 (L ratio 0.91; EM-backed geometry)
3,lp_power,q10,lowpass,power,O2,219.4371-37.7427j,Lb 6.5028 nH,Cp 0.5295 pF,9.9766,5.0000,Q=10,7.6710,0.5043,0.3465,-297.65,-300.00,4.0048,-68.86,-29.96,-62.01,-15.62,20.4583,20.3131,20.4583,-85.61,4.0211,4.0645,2.4835e+09,3.2199,6.018917257,890.5847,1.000000357,1e+07,0,140,69.2540,0.999295519,0.999999643,0.0000,3.9422,8.4900,yes,yes,yes,no,yes,4,"inside the extracted L range, nearest em4 (L ratio 0.22); needs a non-extracted geometry (EM-corrected analytic extrapolation)","above the largest extracted L (5.52 nH, ratio 1.18); larger spiral (unextracted), bondwire or off-chip",near em5 (L ratio 0.91; EM-backed geometry)
3,lp_power,em,lowpass,power,O2,219.4371-37.7427j,Lb 6.5028 nH,Cp 0.5295 pF,9.9766,5.5181,em5,EM,0.4123,0.3574,-297.65,-300.00,4.0048,-70.15,-29.97,-63.05,-16.19,20.1984,20.0829,20.1984,-85.89,4.0220,4.0654,2.4835e+09,3.2214,6.428858273,951.8383,1.000000332,1e+07,0,140,157.8042,0.999295518,0.999999668,0.0000,3.9420,8.4889,yes,yes,yes,no,yes,4,"inside the extracted L range, nearest em4 (L ratio 0.22); needs a non-extracted geometry (EM-corrected analytic extrapolation)","above the largest extracted L (5.52 nH, ratio 1.18); larger spiral (unextracted), bondwire or off-chip",EM geometry em5 (extracted)
2,hp_power,ideal,highpass,power,O2,280.2175+39.3483j,Cs 0.6004 pF,Lp 8.0565 nH,0.0000,5.0000,ideal,0.0000,0.8112,0.0253,-300.00,-268.78,3.5180,-18.41,-18.41,-23.64,-0.00,44.1649,14.5013,44.1649,-62.58,3.5182,3.5705,2.4e+09,2.4454,1.000385413,4.0947,0.999999233,1e+07,30,140,-269860983560.0014,1.000000000,1.000000000,-0.0000,3.9403,8.6011,yes,no,no,no,no,1,"inside the extracted L range, nearest em4 (L ratio 0.22); needs a non-extracted geometry (EM-corrected analytic extrapolation)","above the largest extracted L (5.52 nH, ratio 1.46); larger spiral (unextracted), bondwire or off-chip",near em5 (L ratio 0.91; EM-backed geometry)
2,hp_power,q20,highpass,power,O2,228.2213+26.4263j,Cs 0.6419 pF,Lp 7.7159 nH,5.9188,5.0000,Q=20,3.8355,0.6000,0.2424,-300.00,-300.00,3.6511,-60.18,-29.63,-59.04,-9.90,24.0328,23.4978,24.0328,-82.40,3.6589,3.7188,2.4e+09,2.6508,3.116064026,396.2107,1.000000088,1e+07,0,140,3.4950,0.999999048,0.999999912,-0.0000,3.9427,8.4919,yes,no,yes,no,yes,3,"inside the extracted L range, nearest em4 (L ratio 0.22); needs a non-extracted geometry (EM-corrected analytic extrapolation)","above the largest extracted L (5.52 nH, ratio 1.40); larger spiral (unextracted), bondwire or off-chip",near em5 (L ratio 0.91; EM-backed geometry)
2,hp_power,q10,highpass,power,O2,189.9595+18.5815j,Cs 0.6862 pF,Lp 7.3726 nH,11.3110,5.0000,Q=10,7.6710,0.5043,0.3465,-300.00,-300.00,3.7864,-68.36,-30.03,-62.95,-15.61,20.4451,20.2445,20.4546,-85.57,3.8037,3.8696,2.4e+09,2.8627,6.016652545,882.0682,1.000000357,1e+07,0,140,2.8496,0.999997944,0.999999643,0.0000,3.9387,8.4831,yes,yes,yes,no,yes,4,"inside the extracted L range, nearest em4 (L ratio 0.22); needs a non-extracted geometry (EM-corrected analytic extrapolation)","above the largest extracted L (5.52 nH, ratio 1.34); larger spiral (unextracted), bondwire or off-chip",near em5 (L ratio 0.91; EM-backed geometry)
2,hp_power,em,highpass,power,O2,189.9595+18.5815j,Cs 0.6862 pF,Lp 7.3726 nH,11.3110,5.5181,em5,EM,0.4123,0.3574,-300.00,-300.00,3.7864,-71.09,-29.92,-61.67,-16.18,20.1774,20.0183,20.1823,-85.85,3.8051,3.8709,2.4e+09,2.8647,6.424554911,943.7134,1.000000332,1e+07,0,140,6.2547,0.999997944,0.999999668,-0.0000,3.9386,8.4829,yes,yes,yes,no,yes,4,"inside the extracted L range, nearest em4 (L ratio 0.22); needs a non-extracted geometry (EM-corrected analytic extrapolation)","above the largest extracted L (5.52 nH, ratio 1.34); larger spiral (unextracted), bondwire or off-chip",EM geometry em5 (extracted)
1,lp_noise,ideal,lowpass,noise,O2,169.9087+13.7061j,Lb 5.0702 nH,Cp 0.5622 pF,0.0000,5.0000,ideal,0.0000,0.8112,0.0253,-12.00,-268.78,2.8021,-10.28,-10.28,-27.61,-0.00,43.7477,14.1855,43.7477,-63.00,2.8023,2.8274,2.4835e+09,2.4454,1.000391713,4.1448,1.000000000,1.334e+08,29,140,-1248464.0530,0.999963410,1.000000000,0.0000,3.9403,8.6129,yes,no,no,no,no,1,"inside the extracted L range, nearest em4 (L ratio 0.22); needs a non-extracted geometry (EM-corrected analytic extrapolation)",near em5 (L ratio 0.92; EM-backed geometry),near em5 (L ratio 0.91; EM-backed geometry)
1,lp_noise,q20,lowpass,noise,O2,154.9677-6.0266j,Lb 4.8120 nH,Cp 0.5938 pF,3.6913,5.0000,Q=20,3.8355,0.6000,0.2424,-12.00,-300.00,3.0544,-12.01,-11.56,-53.96,-9.90,23.7685,23.2368,23.7685,-82.65,3.0643,3.0875,2.4835e+09,2.7910,3.118858544,396.6173,1.000000088,1e+07,0,140,31.6046,0.999503333,0.999999912,0.0000,3.9391,8.4827,yes,no,yes,no,yes,3,"inside the extracted L range, nearest em4 (L ratio 0.22); needs a non-extracted geometry (EM-corrected analytic extrapolation)",near em4 (L ratio 1.07; EM-backed geometry),near em5 (L ratio 0.91; EM-backed geometry)
1,lp_noise,q10,lowpass,noise,O2,140.0567-20.3214j,Lb 4.5637 nH,Cp 0.6260 pF,7.0017,5.0000,Q=10,7.6710,0.5043,0.3465,-12.00,-300.00,3.2932,-12.00,-11.55,-63.37,-15.61,20.2365,20.0630,20.2411,-85.80,3.3133,3.3356,2.4835e+09,3.0970,6.018249373,877.7569,1.000000357,1e+07,0,140,67.3543,0.998993614,0.999999643,0.0000,3.9384,8.4802,yes,yes,yes,no,yes,4,"inside the extracted L range, nearest em4 (L ratio 0.22); needs a non-extracted geometry (EM-corrected analytic extrapolation)",near em4 (L ratio 1.02; EM-backed geometry),near em5 (L ratio 0.91; EM-backed geometry)
1,lp_noise,em,lowpass,noise,O2,140.0567-20.3214j,Lb 4.5637 nH,Cp 0.6260 pF,7.0017,5.5181,em5,EM,0.4123,0.3574,-12.00,-300.00,3.2932,-12.00,-11.55,-64.56,-16.18,19.9791,19.8471,19.9791,-86.08,3.3143,3.3368,2.4835e+09,3.0983,6.428214530,937.8578,1.000000332,1e+07,0,140,153.5483,0.998993616,0.999999668,0.0000,3.9420,8.4889,yes,yes,yes,no,yes,4,"inside the extracted L range, nearest em4 (L ratio 0.22); needs a non-extracted geometry (EM-corrected analytic extrapolation)",near em4 (L ratio 1.02; EM-backed geometry),EM geometry em5 (extracted)
