sample_index,rndseed,status,classification,diagnostics,ic1_gt_4p5mA,pdc_ge_10mW,ic1,ic2,ic3,ib1,vb1,vbref,vdd_node,idd,pdc,q1_area,q2_area,q3_area,qa_area,qb_area,qc_area,mnp1_delvto,mnp2_delvto,mis_delvto,mref_delvto
0,1234184666,error,failed_error,batch_job_failed,,,,,,,,,,,,,,,,,,,,,
1,291855498,error,failed_error,batch_job_failed,,,,,,,,,,,,,,,,,,,,,
2,989145982,error,failed_error,batch_job_failed,,,,,,,,,,,,,,,,,,,,,
3,732646802,error,failed_error,batch_job_failed,,,,,,,,,,,,,,,,,,,,,
4,1169457107,error,failed_error,batch_job_failed,,,,,,,,,,,,,,,,,,,,,
5,1465894741,error,failed_error,batch_job_failed,,,,,,,,,,,,,,,,,,,,,
6,1845551916,error,failed_error,batch_job_failed,,,,,,,,,,,,,,,,,,,,,
7,1377405969,error,failed_error,batch_job_failed,,,,,,,,,,,,,,,,,,,,,
8,1517878212,error,failed_error,batch_job_failed,,,,,,,,,,,,,,,,,,,,,
9,922782586,error,failed_error,batch_job_failed,,,,,,,,,,,,,,,,,,,,,
10,212232609,error,failed_error,batch_job_failed,,,,,,,,,,,,,,,,,,,,,
11,828760472,error,failed_error,batch_job_failed,,,,,,,,,,,,,,,,,,,,,
12,817096867,error,failed_error,batch_job_failed,,,,,,,,,,,,,,,,,,,,,
13,1635804972,error,failed_error,batch_job_failed,,,,,,,,,,,,,,,,,,,,,
14,840060968,error,failed_error,batch_job_failed,,,,,,,,,,,,,,,,,,,,,
15,812040618,error,failed_error,batch_job_failed,,,,,,,,,,,,,,,,,,,,,
16,1907627169,error,failed_error,batch_job_failed,,,,,,,,,,,,,,,,,,,,,
17,90111433,error,failed_error,batch_job_failed,,,,,,,,,,,,,,,,,,,,,
18,1425327679,error,failed_error,batch_job_failed,,,,,,,,,,,,,,,,,,,,,
19,364216291,error,failed_error,batch_job_failed,,,,,,,,,,,,,,,,,,,,,
20,1190631227,error,failed_error,batch_job_failed,,,,,,,,,,,,,,,,,,,,,
21,2011442302,error,failed_error,batch_job_failed,,,,,,,,,,,,,,,,,,,,,
22,1566502160,error,failed_error,batch_job_failed,,,,,,,,,,,,,,,,,,,,,
23,2080300191,error,failed_error,batch_job_failed,,,,,,,,,,,,,,,,,,,,,
24,1888477881,error,failed_error,batch_job_failed,,,,,,,,,,,,,,,,,,,,,
25,2061205314,error,failed_error,batch_job_failed,,,,,,,,,,,,,,,,,,,,,
26,381213178,error,failed_error,batch_job_failed,,,,,,,,,,,,,,,,,,,,,
27,1861571429,error,failed_error,batch_job_failed,,,,,,,,,,,,,,,,,,,,,
28,1811995855,error,failed_error,batch_job_failed,,,,,,,,,,,,,,,,,,,,,
29,1862049692,error,failed_error,batch_job_failed,,,,,,,,,,,,,,,,,,,,,
30,2035911346,error,failed_error,batch_job_failed,,,,,,,,,,,,,,,,,,,,,
31,164508302,error,failed_error,batch_job_failed,,,,,,,,,,,,,,,,,,,,,
32,13191818,error,failed_error,batch_job_failed,,,,,,,,,,,,,,,,,,,,,
33,1809675447,error,failed_error,batch_job_failed,,,,,,,,,,,,,,,,,,,,,
34,1708687499,error,failed_error,batch_job_failed,,,,,,,,,,,,,,,,,,,,,
35,2092446147,error,failed_error,batch_job_failed,,,,,,,,,,,,,,,,,,,,,
36,669100059,error,failed_error,batch_job_failed,,,,,,,,,,,,,,,,,,,,,
37,920332935,error,failed_error,batch_job_failed,,,,,,,,,,,,,,,,,,,,,
38,1949739947,error,failed_error,batch_job_failed,,,,,,,,,,,,,,,,,,,,,
39,1918238080,error,failed_error,batch_job_failed,,,,,,,,,,,,,,,,,,,,,
40,185261693,error,failed_error,batch_job_failed,,,,,,,,,,,,,,,,,,,,,
41,1991610689,error,failed_error,batch_job_failed,,,,,,,,,,,,,,,,,,,,,
42,1749444364,error,failed_error,batch_job_failed,,,,,,,,,,,,,,,,,,,,,
43,1793381856,error,failed_error,batch_job_failed,,,,,,,,,,,,,,,,,,,,,
44,1837931946,error,failed_error,batch_job_failed,,,,,,,,,,,,,,,,,,,,,
45,47158705,error,failed_error,batch_job_failed,,,,,,,,,,,,,,,,,,,,,
46,601830908,error,failed_error,batch_job_failed,,,,,,,,,,,,,,,,,,,,,
47,1882953199,error,failed_error,batch_job_failed,,,,,,,,,,,,,,,,,,,,,
48,366279987,error,failed_error,batch_job_failed,,,,,,,,,,,,,,,,,,,,,
49,1887782908,error,failed_error,batch_job_failed,,,,,,,,,,,,,,,,,,,,,
50,1772094334,error,failed_error,batch_job_failed,,,,,,,,,,,,,,,,,,,,,
51,1828216937,error,failed_error,batch_job_failed,,,,,,,,,,,,,,,,,,,,,
52,2058957188,error,failed_error,batch_job_failed,,,,,,,,,,,,,,,,,,,,,
53,503418143,error,failed_error,batch_job_failed,,,,,,,,,,,,,,,,,,,,,
54,2006574176,error,failed_error,batch_job_failed,,,,,,,,,,,,,,,,,,,,,
55,1644504772,error,failed_error,batch_job_failed,,,,,,,,,,,,,,,,,,,,,
56,796369125,error,failed_error,batch_job_failed,,,,,,,,,,,,,,,,,,,,,
57,1123502769,error,failed_error,batch_job_failed,,,,,,,,,,,,,,,,,,,,,
58,1815640470,error,failed_error,batch_job_failed,,,,,,,,,,,,,,,,,,,,,
59,1134454090,error,failed_error,batch_job_failed,,,,,,,,,,,,,,,,,,,,,
60,604870663,error,failed_error,batch_job_failed,,,,,,,,,,,,,,,,,,,,,
61,1530112541,error,failed_error,batch_job_failed,,,,,,,,,,,,,,,,,,,,,
62,1922162169,error,failed_error,batch_job_failed,,,,,,,,,,,,,,,,,,,,,
63,1840717877,error,failed_error,batch_job_failed,,,,,,,,,,,,,,,,,,,,,
64,248821344,error,failed_error,batch_job_failed,,,,,,,,,,,,,,,,,,,,,
65,417703532,error,failed_error,batch_job_failed,,,,,,,,,,,,,,,,,,,,,
66,459463224,error,failed_error,batch_job_failed,,,,,,,,,,,,,,,,,,,,,
67,516437887,error,failed_error,batch_job_failed,,,,,,,,,,,,,,,,,,,,,
68,1594118787,error,failed_error,batch_job_failed,,,,,,,,,,,,,,,,,,,,,
69,2123417933,error,failed_error,batch_job_failed,,,,,,,,,,,,,,,,,,,,,
70,829251456,error,failed_error,batch_job_failed,,,,,,,,,,,,,,,,,,,,,
71,121853271,error,failed_error,batch_job_failed,,,,,,,,,,,,,,,,,,,,,
72,1662340112,error,failed_error,batch_job_failed,,,,,,,,,,,,,,,,,,,,,
73,763118848,error,failed_error,batch_job_failed,,,,,,,,,,,,,,,,,,,,,
74,1500896925,error,failed_error,batch_job_failed,,,,,,,,,,,,,,,,,,,,,
75,1701081443,error,failed_error,batch_job_failed,,,,,,,,,,,,,,,,,,,,,
76,64019445,error,failed_error,batch_job_failed,,,,,,,,,,,,,,,,,,,,,
77,1618529459,error,failed_error,batch_job_failed,,,,,,,,,,,,,,,,,,,,,
78,943022351,error,failed_error,batch_job_failed,,,,,,,,,,,,,,,,,,,,,
79,1405389756,error,failed_error,batch_job_failed,,,,,,,,,,,,,,,,,,,,,
80,2091994534,error,failed_error,batch_job_failed,,,,,,,,,,,,,,,,,,,,,
81,659050904,error,failed_error,batch_job_failed,,,,,,,,,,,,,,,,,,,,,
82,529294322,error,failed_error,batch_job_failed,,,,,,,,,,,,,,,,,,,,,
83,82712079,error,failed_error,batch_job_failed,,,,,,,,,,,,,,,,,,,,,
84,805250786,error,failed_error,batch_job_failed,,,,,,,,,,,,,,,,,,,,,
85,315714542,error,failed_error,batch_job_failed,,,,,,,,,,,,,,,,,,,,,
86,806861222,error,failed_error,batch_job_failed,,,,,,,,,,,,,,,,,,,,,
87,403054974,error,failed_error,batch_job_failed,,,,,,,,,,,,,,,,,,,,,
88,2023397568,error,failed_error,batch_job_failed,,,,,,,,,,,,,,,,,,,,,
89,242003226,error,failed_error,batch_job_failed,,,,,,,,,,,,,,,,,,,,,
90,1306246328,error,failed_error,batch_job_failed,,,,,,,,,,,,,,,,,,,,,
91,1715911853,error,failed_error,batch_job_failed,,,,,,,,,,,,,,,,,,,,,
92,386597346,error,failed_error,batch_job_failed,,,,,,,,,,,,,,,,,,,,,
93,1505395109,error,failed_error,batch_job_failed,,,,,,,,,,,,,,,,,,,,,
94,284176054,error,failed_error,batch_job_failed,,,,,,,,,,,,,,,,,,,,,
95,1382003493,error,failed_error,batch_job_failed,,,,,,,,,,,,,,,,,,,,,
96,781153728,error,failed_error,batch_job_failed,,,,,,,,,,,,,,,,,,,,,
97,793361823,error,failed_error,batch_job_failed,,,,,,,,,,,,,,,,,,,,,
98,132085501,error,failed_error,batch_job_failed,,,,,,,,,,,,,,,,,,,,,
99,1746877101,error,failed_error,batch_job_failed,,,,,,,,,,,,,,,,,,,,,
100,453390535,error,failed_error,batch_job_failed,,,,,,,,,,,,,,,,,,,,,
101,551077235,error,failed_error,batch_job_failed,,,,,,,,,,,,,,,,,,,,,
102,1412465468,error,failed_error,batch_job_failed,,,,,,,,,,,,,,,,,,,,,
103,1357766106,error,failed_error,batch_job_failed,,,,,,,,,,,,,,,,,,,,,
104,1100856929,error,failed_error,batch_job_failed,,,,,,,,,,,,,,,,,,,,,
105,1260689578,error,failed_error,batch_job_failed,,,,,,,,,,,,,,,,,,,,,
106,1773218155,error,failed_error,batch_job_failed,,,,,,,,,,,,,,,,,,,,,
107,502323092,error,failed_error,batch_job_failed,,,,,,,,,,,,,,,,,,,,,
108,1864989341,error,failed_error,batch_job_failed,,,,,,,,,,,,,,,,,,,,,
109,1181413688,error,failed_error,batch_job_failed,,,,,,,,,,,,,,,,,,,,,
110,1161609178,error,failed_error,batch_job_failed,,,,,,,,,,,,,,,,,,,,,
111,82738880,error,failed_error,batch_job_failed,,,,,,,,,,,,,,,,,,,,,
112,1736845340,error,failed_error,batch_job_failed,,,,,,,,,,,,,,,,,,,,,
113,716373224,error,failed_error,batch_job_failed,,,,,,,,,,,,,,,,,,,,,
114,1821977493,error,failed_error,batch_job_failed,,,,,,,,,,,,,,,,,,,,,
115,1707535299,error,failed_error,batch_job_failed,,,,,,,,,,,,,,,,,,,,,
116,892234775,error,failed_error,batch_job_failed,,,,,,,,,,,,,,,,,,,,,
117,143772870,error,failed_error,batch_job_failed,,,,,,,,,,,,,,,,,,,,,
118,2027997312,error,failed_error,batch_job_failed,,,,,,,,,,,,,,,,,,,,,
119,1886869012,error,failed_error,batch_job_failed,,,,,,,,,,,,,,,,,,,,,
120,427245679,error,failed_error,batch_job_failed,,,,,,,,,,,,,,,,,,,,,
121,20246156,error,failed_error,batch_job_failed,,,,,,,,,,,,,,,,,,,,,
122,1227185635,error,failed_error,batch_job_failed,,,,,,,,,,,,,,,,,,,,,
123,1180476419,error,failed_error,batch_job_failed,,,,,,,,,,,,,,,,,,,,,
124,1456036491,error,failed_error,batch_job_failed,,,,,,,,,,,,,,,,,,,,,
125,971083490,error,failed_error,batch_job_failed,,,,,,,,,,,,,,,,,,,,,
126,1910296631,error,failed_error,batch_job_failed,,,,,,,,,,,,,,,,,,,,,
127,201854739,error,failed_error,batch_job_failed,,,,,,,,,,,,,,,,,,,,,
128,1905990371,error,failed_error,batch_job_failed,,,,,,,,,,,,,,,,,,,,,
129,1230098712,error,failed_error,batch_job_failed,,,,,,,,,,,,,,,,,,,,,
130,1495995929,error,failed_error,batch_job_failed,,,,,,,,,,,,,,,,,,,,,
131,1429499576,error,failed_error,batch_job_failed,,,,,,,,,,,,,,,,,,,,,
132,1272805729,error,failed_error,batch_job_failed,,,,,,,,,,,,,,,,,,,,,
133,1434392225,error,failed_error,batch_job_failed,,,,,,,,,,,,,,,,,,,,,
134,1485548016,error,failed_error,batch_job_failed,,,,,,,,,,,,,,,,,,,,,
135,987195351,error,failed_error,batch_job_failed,,,,,,,,,,,,,,,,,,,,,
136,1086002532,error,failed_error,batch_job_failed,,,,,,,,,,,,,,,,,,,,,
137,1645282515,error,failed_error,batch_job_failed,,,,,,,,,,,,,,,,,,,,,
138,1203272199,error,failed_error,batch_job_failed,,,,,,,,,,,,,,,,,,,,,
139,408682667,error,failed_error,batch_job_failed,,,,,,,,,,,,,,,,,,,,,
140,178139512,error,failed_error,batch_job_failed,,,,,,,,,,,,,,,,,,,,,
141,1980753149,error,failed_error,batch_job_failed,,,,,,,,,,,,,,,,,,,,,
142,204371615,error,failed_error,batch_job_failed,,,,,,,,,,,,,,,,,,,,,
143,1436873370,error,failed_error,batch_job_failed,,,,,,,,,,,,,,,,,,,,,
144,1413707777,error,failed_error,batch_job_failed,,,,,,,,,,,,,,,,,,,,,
145,1655136644,error,failed_error,batch_job_failed,,,,,,,,,,,,,,,,,,,,,
146,517277675,error,failed_error,batch_job_failed,,,,,,,,,,,,,,,,,,,,,
147,1776934195,error,failed_error,batch_job_failed,,,,,,,,,,,,,,,,,,,,,
148,1526021229,error,failed_error,batch_job_failed,,,,,,,,,,,,,,,,,,,,,
149,2126135915,error,failed_error,batch_job_failed,,,,,,,,,,,,,,,,,,,,,
150,1451802060,error,failed_error,batch_job_failed,,,,,,,,,,,,,,,,,,,,,
151,468624202,error,failed_error,batch_job_failed,,,,,,,,,,,,,,,,,,,,,
152,1403771996,error,failed_error,batch_job_failed,,,,,,,,,,,,,,,,,,,,,
153,2065286360,error,failed_error,batch_job_failed,,,,,,,,,,,,,,,,,,,,,
154,1791771005,error,failed_error,batch_job_failed,,,,,,,,,,,,,,,,,,,,,
155,1347391924,error,failed_error,batch_job_failed,,,,,,,,,,,,,,,,,,,,,
156,394325746,error,failed_error,batch_job_failed,,,,,,,,,,,,,,,,,,,,,
157,2083764288,error,failed_error,batch_job_failed,,,,,,,,,,,,,,,,,,,,,
158,1531800424,error,failed_error,batch_job_failed,,,,,,,,,,,,,,,,,,,,,
159,415076321,error,failed_error,batch_job_failed,,,,,,,,,,,,,,,,,,,,,
160,1754619395,error,failed_error,batch_job_failed,,,,,,,,,,,,,,,,,,,,,
161,35861239,error,failed_error,batch_job_failed,,,,,,,,,,,,,,,,,,,,,
162,472224487,error,failed_error,batch_job_failed,,,,,,,,,,,,,,,,,,,,,
163,114697910,error,failed_error,batch_job_failed,,,,,,,,,,,,,,,,,,,,,
164,1421303799,error,failed_error,batch_job_failed,,,,,,,,,,,,,,,,,,,,,
165,1868403028,error,failed_error,batch_job_failed,,,,,,,,,,,,,,,,,,,,,
166,1212283398,error,failed_error,batch_job_failed,,,,,,,,,,,,,,,,,,,,,
167,1170010605,error,failed_error,batch_job_failed,,,,,,,,,,,,,,,,,,,,,
168,1022458830,error,failed_error,batch_job_failed,,,,,,,,,,,,,,,,,,,,,
169,930706693,error,failed_error,batch_job_failed,,,,,,,,,,,,,,,,,,,,,
170,202826581,error,failed_error,batch_job_failed,,,,,,,,,,,,,,,,,,,,,
171,227904567,error,failed_error,batch_job_failed,,,,,,,,,,,,,,,,,,,,,
172,209289064,error,failed_error,batch_job_failed,,,,,,,,,,,,,,,,,,,,,
173,72836852,error,failed_error,batch_job_failed,,,,,,,,,,,,,,,,,,,,,
174,753372722,error,failed_error,batch_job_failed,,,,,,,,,,,,,,,,,,,,,
175,1228686953,error,failed_error,batch_job_failed,,,,,,,,,,,,,,,,,,,,,
176,2118959450,error,failed_error,batch_job_failed,,,,,,,,,,,,,,,,,,,,,
177,816837654,error,failed_error,batch_job_failed,,,,,,,,,,,,,,,,,,,,,
178,281555138,error,failed_error,batch_job_failed,,,,,,,,,,,,,,,,,,,,,
179,1953093904,error,failed_error,batch_job_failed,,,,,,,,,,,,,,,,,,,,,
180,218373217,error,failed_error,batch_job_failed,,,,,,,,,,,,,,,,,,,,,
181,524999301,error,failed_error,batch_job_failed,,,,,,,,,,,,,,,,,,,,,
182,657351170,error,failed_error,batch_job_failed,,,,,,,,,,,,,,,,,,,,,
183,2141068394,error,failed_error,batch_job_failed,,,,,,,,,,,,,,,,,,,,,
184,1894394597,error,failed_error,batch_job_failed,,,,,,,,,,,,,,,,,,,,,
185,781640901,error,failed_error,batch_job_failed,,,,,,,,,,,,,,,,,,,,,
186,1775102721,error,failed_error,batch_job_failed,,,,,,,,,,,,,,,,,,,,,
187,1260779779,error,failed_error,batch_job_failed,,,,,,,,,,,,,,,,,,,,,
188,469761874,error,failed_error,batch_job_failed,,,,,,,,,,,,,,,,,,,,,
189,2119570704,error,failed_error,batch_job_failed,,,,,,,,,,,,,,,,,,,,,
190,353605817,error,failed_error,batch_job_failed,,,,,,,,,,,,,,,,,,,,,
191,1424824029,error,failed_error,batch_job_failed,,,,,,,,,,,,,,,,,,,,,
192,249519958,error,failed_error,batch_job_failed,,,,,,,,,,,,,,,,,,,,,
193,738278258,error,failed_error,batch_job_failed,,,,,,,,,,,,,,,,,,,,,
194,1196005429,error,failed_error,batch_job_failed,,,,,,,,,,,,,,,,,,,,,
195,1266425901,error,failed_error,batch_job_failed,,,,,,,,,,,,,,,,,,,,,
196,437369874,error,failed_error,batch_job_failed,,,,,,,,,,,,,,,,,,,,,
197,1902257815,error,failed_error,batch_job_failed,,,,,,,,,,,,,,,,,,,,,
198,1768675112,error,failed_error,batch_job_failed,,,,,,,,,,,,,,,,,,,,,
199,1396233672,error,failed_error,batch_job_failed,,,,,,,,,,,,,,,,,,,,,
