source_record_id,point_id,corner_label,temp_c,vdd_v,freq_hz,nfmin_sp_db_at_band_lo,nfmin_analysis_temp_k,nfmin290_t_ref_k,nfmin290_db_at_band_lo,nf290_minus_nfmin290_db_at_band_lo,nf290_db_at_band_lo
20260926-122301-088c734,sp_bcs_-40c_vdd1.62v,bcs,-40,1.62,2.400000e+09,2.0823,233.15,290.00,1.7453,0.1069,1.8522
20260926-122301-088c734,sp_bcs_-40c_vdd1.80v,bcs,-40,1.80,2.400000e+09,2.0787,233.15,290.00,1.7422,0.1056,1.8478
20260926-122301-088c734,sp_bcs_-40c_vdd1.98v,bcs,-40,1.98,2.400000e+09,2.0749,233.15,290.00,1.7389,0.1043,1.8432
20260926-122301-088c734,sp_bcs_125c_vdd1.62v,bcs,125,1.62,2.400000e+09,2.2469,398.15,290.00,2.8563,0.1986,3.0549
20260926-122301-088c734,sp_bcs_125c_vdd1.80v,bcs,125,1.80,2.400000e+09,2.2437,398.15,290.00,2.8524,0.1968,3.0492
20260926-122301-088c734,sp_bcs_125c_vdd1.98v,bcs,125,1.98,2.400000e+09,2.2404,398.15,290.00,2.8485,0.1948,3.0433
20260926-122301-088c734,sp_bcs_27c_vdd1.62v,bcs,27,1.62,2.400000e+09,2.1401,300.15,290.00,2.1988,0.1395,2.3383
20260926-122301-088c734,sp_bcs_27c_vdd1.80v,bcs,27,1.80,2.400000e+09,2.1368,300.15,290.00,2.1955,0.1380,2.3335
20260926-122301-088c734,sp_bcs_27c_vdd1.98v,bcs,27,1.98,2.400000e+09,2.1334,300.15,290.00,2.1920,0.1365,2.3285
20260926-122301-088c734,sp_fs_-40c_vdd1.62v,fs,-40,1.62,2.400000e+09,2.3453,233.15,290.00,1.9747,0.1782,2.1529
20260926-122301-088c734,sp_fs_-40c_vdd1.80v,fs,-40,1.80,2.400000e+09,2.3428,233.15,290.00,1.9725,0.1768,2.1493
20260926-122301-088c734,sp_fs_-40c_vdd1.98v,fs,-40,1.98,2.400000e+09,2.3401,233.15,290.00,1.9701,0.1753,2.1454
20260926-122301-088c734,sp_fs_125c_vdd1.62v,fs,125,1.62,2.400000e+09,2.4739,398.15,290.00,3.1258,0.2730,3.3988
20260926-122301-088c734,sp_fs_125c_vdd1.80v,fs,125,1.80,2.400000e+09,2.4721,398.15,290.00,3.1237,0.2711,3.3948
20260926-122301-088c734,sp_fs_125c_vdd1.98v,fs,125,1.98,2.400000e+09,2.4703,398.15,290.00,3.1215,0.2693,3.3908
20260926-122301-088c734,sp_fs_27c_vdd1.62v,fs,27,1.62,2.400000e+09,2.3836,300.15,290.00,2.4473,0.2121,2.6594
20260926-122301-088c734,sp_fs_27c_vdd1.80v,fs,27,1.80,2.400000e+09,2.3816,300.15,290.00,2.4453,0.2106,2.6559
20260926-122301-088c734,sp_fs_27c_vdd1.98v,fs,27,1.98,2.400000e+09,2.3796,300.15,290.00,2.4433,0.2089,2.6522
20260926-122301-088c734,sp_sf_-40c_vdd1.62v,sf,-40,1.62,2.400000e+09,2.3454,233.15,290.00,1.9748,0.1782,2.1530
20260926-122301-088c734,sp_sf_-40c_vdd1.80v,sf,-40,1.80,2.400000e+09,2.3428,233.15,290.00,1.9725,0.1769,2.1494
20260926-122301-088c734,sp_sf_-40c_vdd1.98v,sf,-40,1.98,2.400000e+09,2.3402,233.15,290.00,1.9702,0.1754,2.1456
20260926-122301-088c734,sp_sf_125c_vdd1.62v,sf,125,1.62,2.400000e+09,2.4740,398.15,290.00,3.1259,0.2730,3.3989
20260926-122301-088c734,sp_sf_125c_vdd1.80v,sf,125,1.80,2.400000e+09,2.4721,398.15,290.00,3.1237,0.2712,3.3949
20260926-122301-088c734,sp_sf_125c_vdd1.98v,sf,125,1.98,2.400000e+09,2.4703,398.15,290.00,3.1215,0.2693,3.3908
20260926-122301-088c734,sp_sf_27c_vdd1.62v,sf,27,1.62,2.400000e+09,2.3837,300.15,290.00,2.4474,0.2121,2.6595
20260926-122301-088c734,sp_sf_27c_vdd1.80v,sf,27,1.80,2.400000e+09,2.3817,300.15,290.00,2.4454,0.2106,2.6560
20260926-122301-088c734,sp_sf_27c_vdd1.98v,sf,27,1.98,2.400000e+09,2.3797,300.15,290.00,2.4434,0.2089,2.6523
20260926-122301-088c734,sp_typ_-40c_vdd1.62v,typ,-40,1.62,2.400000e+09,2.3454,233.15,290.00,1.9748,0.1782,2.1530
20260926-122301-088c734,sp_typ_-40c_vdd1.80v,typ,-40,1.80,2.400000e+09,2.3428,233.15,290.00,1.9725,0.1768,2.1493
20260926-122301-088c734,sp_typ_-40c_vdd1.98v,typ,-40,1.98,2.400000e+09,2.3401,233.15,290.00,1.9701,0.1754,2.1455
20260926-122301-088c734,sp_typ_125c_vdd1.62v,typ,125,1.62,2.400000e+09,2.4739,398.15,290.00,3.1258,0.2731,3.3989
20260926-122301-088c734,sp_typ_125c_vdd1.80v,typ,125,1.80,2.400000e+09,2.4721,398.15,290.00,3.1237,0.2711,3.3948
20260926-122301-088c734,sp_typ_125c_vdd1.98v,typ,125,1.98,2.400000e+09,2.4703,398.15,290.00,3.1215,0.2693,3.3908
20260926-122301-088c734,sp_typ_27c_vdd1.62v,typ,27,1.62,2.400000e+09,2.3836,300.15,290.00,2.4473,0.2122,2.6595
20260926-122301-088c734,sp_typ_27c_vdd1.80v,typ,27,1.80,2.400000e+09,2.3817,300.15,290.00,2.4454,0.2105,2.6559
20260926-122301-088c734,sp_typ_27c_vdd1.98v,typ,27,1.98,2.400000e+09,2.3796,300.15,290.00,2.4433,0.2089,2.6522
20260926-122301-088c734,sp_wcs_-40c_vdd1.62v,wcs,-40,1.62,2.400000e+09,2.6266,233.15,290.00,2.2220,0.2625,2.4845
20260926-122301-088c734,sp_wcs_-40c_vdd1.80v,wcs,-40,1.80,2.400000e+09,2.6251,233.15,290.00,2.2206,0.2609,2.4815
20260926-122301-088c734,sp_wcs_-40c_vdd1.98v,wcs,-40,1.98,2.400000e+09,2.6235,233.15,290.00,2.2192,0.2592,2.4784
20260926-122301-088c734,sp_wcs_125c_vdd1.62v,wcs,125,1.62,2.400000e+09,2.7275,398.15,290.00,3.4239,0.3520,3.7759
20260926-122301-088c734,sp_wcs_125c_vdd1.80v,wcs,125,1.80,2.400000e+09,2.7271,398.15,290.00,3.4234,0.3502,3.7736
20260926-122301-088c734,sp_wcs_125c_vdd1.98v,wcs,125,1.98,2.400000e+09,2.7268,398.15,290.00,3.4231,0.3482,3.7713
20260926-122301-088c734,sp_wcs_27c_vdd1.62v,wcs,27,1.62,2.400000e+09,2.6495,300.15,290.00,2.7184,0.2936,3.0120
20260926-122301-088c734,sp_wcs_27c_vdd1.80v,wcs,27,1.80,2.400000e+09,2.6488,300.15,290.00,2.7177,0.2920,3.0097
20260926-122301-088c734,sp_wcs_27c_vdd1.98v,wcs,27,1.98,2.400000e+09,2.6482,300.15,290.00,2.7170,0.2903,3.0073
